question_id,source,condition,correct
factconsolidation_sh_6k_no0,factconsolidation_sh_6k,BM25,1
factconsolidation_sh_6k_no1,factconsolidation_sh_6k,BM25,1
factconsolidation_sh_6k_no2,factconsolidation_sh_6k,BM25,1
factconsolidation_sh_6k_no3,factconsolidation_sh_6k,BM25,1
factconsolidation_sh_6k_no4,factconsolidation_sh_6k,BM25,1
factconsolidation_sh_6k_no5,factconsolidation_sh_6k,BM25,1
factconsolidation_sh_6k_no6,factconsolidation_sh_6k,BM25,1
factconsolidation_sh_6k_no7,factconsolidation_sh_6k,BM25,1
factconsolidation_sh_6k_no8,factconsolidation_sh_6k,BM25,1
factconsolidation_sh_6k_no9,factconsolidation_sh_6k,BM25,1
factconsolidation_sh_6k_no10,factconsolidation_sh_6k,BM25,1
factconsolidation_sh_6k_no11,factconsolidation_sh_6k,BM25,1
factconsolidation_sh_6k_no12,factconsolidation_sh_6k,BM25,1
factconsolidation_sh_6k_no13,factconsolidation_sh_6k,BM25,1
factconsolidation_sh_6k_no14,factconsolidation_sh_6k,BM25,1
factconsolidation_sh_6k_no15,factconsolidation_sh_6k,BM25,1
factconsolidation_sh_6k_no16,factconsolidation_sh_6k,BM25,1
factconsolidation_sh_6k_no17,factconsolidation_sh_6k,BM25,1
factconsolidation_sh_6k_no18,factconsolidation_sh_6k,BM25,1
factconsolidation_sh_6k_no19,factconsolidation_sh_6k,BM25,1
factconsolidation_sh_6k_no20,factconsolidation_sh_6k,BM25,1
factconsolidation_sh_6k_no21,factconsolidation_sh_6k,BM25,1
factconsolidation_sh_6k_no22,factconsolidation_sh_6k,BM25,1
factconsolidation_sh_6k_no23,factconsolidation_sh_6k,BM25,1
factconsolidation_sh_6k_no24,factconsolidation_sh_6k,BM25,1
factconsolidation_sh_6k_no25,factconsolidation_sh_6k,BM25,1
factconsolidation_sh_6k_no26,factconsolidation_sh_6k,BM25,1
factconsolidation_sh_6k_no27,factconsolidation_sh_6k,BM25,1
factconsolidation_sh_6k_no28,factconsolidation_sh_6k,BM25,1
factconsolidation_sh_6k_no29,factconsolidation_sh_6k,BM25,1
factconsolidation_sh_6k_no30,factconsolidation_sh_6k,BM25,1
factconsolidation_sh_6k_no31,factconsolidation_sh_6k,BM25,1
factconsolidation_sh_6k_no32,factconsolidation_sh_6k,BM25,1
factconsolidation_sh_6k_no33,factconsolidation_sh_6k,BM25,1
factconsolidation_sh_6k_no34,factconsolidation_sh_6k,BM25,1
factconsolidation_sh_6k_no35,factconsolidation_sh_6k,BM25,1
factconsolidation_sh_6k_no36,factconsolidation_sh_6k,BM25,1
factconsolidation_sh_6k_no37,factconsolidation_sh_6k,BM25,1
factconsolidation_sh_6k_no38,factconsolidation_sh_6k,BM25,1
factconsolidation_sh_6k_no39,factconsolidation_sh_6k,BM25,1
factconsolidation_sh_6k_no40,factconsolidation_sh_6k,BM25,1
factconsolidation_sh_6k_no41,factconsolidation_sh_6k,BM25,1
factconsolidation_sh_6k_no42,factconsolidation_sh_6k,BM25,1
factconsolidation_sh_6k_no43,factconsolidation_sh_6k,BM25,1
factconsolidation_sh_6k_no44,factconsolidation_sh_6k,BM25,1
factconsolidation_sh_6k_no45,factconsolidation_sh_6k,BM25,1
factconsolidation_sh_6k_no46,factconsolidation_sh_6k,BM25,1
factconsolidation_sh_6k_no47,factconsolidation_sh_6k,BM25,1
factconsolidation_sh_6k_no48,factconsolidation_sh_6k,BM25,1
factconsolidation_sh_6k_no49,factconsolidation_sh_6k,BM25,1
factconsolidation_sh_6k_no50,factconsolidation_sh_6k,BM25,1
factconsolidation_sh_6k_no51,factconsolidation_sh_6k,BM25,1
factconsolidation_sh_6k_no52,factconsolidation_sh_6k,BM25,1
factconsolidation_sh_6k_no53,factconsolidation_sh_6k,BM25,1
factconsolidation_sh_6k_no54,factconsolidation_sh_6k,BM25,1
factconsolidation_sh_6k_no55,factconsolidation_sh_6k,BM25,1
factconsolidation_sh_6k_no56,factconsolidation_sh_6k,BM25,1
factconsolidation_sh_6k_no57,factconsolidation_sh_6k,BM25,1
factconsolidation_sh_6k_no59,factconsolidation_sh_6k,BM25,1
factconsolidation_sh_6k_no58,factconsolidation_sh_6k,BM25,1
factconsolidation_sh_6k_no60,factconsolidation_sh_6k,BM25,1
factconsolidation_sh_6k_no61,factconsolidation_sh_6k,BM25,1
factconsolidation_sh_6k_no62,factconsolidation_sh_6k,BM25,1
factconsolidation_sh_6k_no63,factconsolidation_sh_6k,BM25,1
factconsolidation_sh_6k_no64,factconsolidation_sh_6k,BM25,1
factconsolidation_sh_6k_no66,factconsolidation_sh_6k,BM25,1
factconsolidation_sh_6k_no65,factconsolidation_sh_6k,BM25,1
factconsolidation_sh_6k_no67,factconsolidation_sh_6k,BM25,1
factconsolidation_sh_6k_no68,factconsolidation_sh_6k,BM25,1
factconsolidation_sh_6k_no69,factconsolidation_sh_6k,BM25,1
factconsolidation_sh_6k_no70,factconsolidation_sh_6k,BM25,1
factconsolidation_sh_6k_no71,factconsolidation_sh_6k,BM25,1
factconsolidation_sh_6k_no72,factconsolidation_sh_6k,BM25,1
factconsolidation_sh_6k_no74,factconsolidation_sh_6k,BM25,1
factconsolidation_sh_6k_no75,factconsolidation_sh_6k,BM25,1
factconsolidation_sh_6k_no73,factconsolidation_sh_6k,BM25,1
factconsolidation_sh_6k_no76,factconsolidation_sh_6k,BM25,1
factconsolidation_sh_6k_no78,factconsolidation_sh_6k,BM25,1
factconsolidation_sh_6k_no79,factconsolidation_sh_6k,BM25,1
factconsolidation_sh_6k_no77,factconsolidation_sh_6k,BM25,1
factconsolidation_sh_6k_no80,factconsolidation_sh_6k,BM25,1
factconsolidation_sh_6k_no82,factconsolidation_sh_6k,BM25,1
factconsolidation_sh_6k_no81,factconsolidation_sh_6k,BM25,1
factconsolidation_sh_6k_no83,factconsolidation_sh_6k,BM25,1
factconsolidation_sh_6k_no84,factconsolidation_sh_6k,BM25,1
factconsolidation_sh_6k_no85,factconsolidation_sh_6k,BM25,1
factconsolidation_sh_6k_no86,factconsolidation_sh_6k,BM25,1
factconsolidation_sh_6k_no87,factconsolidation_sh_6k,BM25,1
factconsolidation_sh_6k_no88,factconsolidation_sh_6k,BM25,1
factconsolidation_sh_6k_no89,factconsolidation_sh_6k,BM25,1
factconsolidation_sh_6k_no90,factconsolidation_sh_6k,BM25,1
factconsolidation_sh_6k_no92,factconsolidation_sh_6k,BM25,1
factconsolidation_sh_6k_no94,factconsolidation_sh_6k,BM25,1
factconsolidation_sh_6k_no91,factconsolidation_sh_6k,BM25,1
factconsolidation_sh_6k_no93,factconsolidation_sh_6k,BM25,1
factconsolidation_sh_6k_no95,factconsolidation_sh_6k,BM25,1
factconsolidation_sh_6k_no99,factconsolidation_sh_6k,BM25,1
factconsolidation_sh_6k_no96,factconsolidation_sh_6k,BM25,1
factconsolidation_sh_6k_no97,factconsolidation_sh_6k,BM25,1
factconsolidation_sh_6k_no98,factconsolidation_sh_6k,BM25,1
factconsolidation_sh_32k_no0,factconsolidation_sh_32k,BM25,1
factconsolidation_sh_32k_no1,factconsolidation_sh_32k,BM25,1
factconsolidation_sh_32k_no3,factconsolidation_sh_32k,BM25,1
factconsolidation_sh_32k_no2,factconsolidation_sh_32k,BM25,1
factconsolidation_sh_32k_no6,factconsolidation_sh_32k,BM25,1
factconsolidation_sh_32k_no4,factconsolidation_sh_32k,BM25,1
factconsolidation_sh_32k_no5,factconsolidation_sh_32k,BM25,1
factconsolidation_sh_32k_no7,factconsolidation_sh_32k,BM25,1
factconsolidation_sh_32k_no8,factconsolidation_sh_32k,BM25,0
factconsolidation_sh_32k_no9,factconsolidation_sh_32k,BM25,0
factconsolidation_sh_32k_no10,factconsolidation_sh_32k,BM25,1
factconsolidation_sh_32k_no11,factconsolidation_sh_32k,BM25,1
factconsolidation_sh_32k_no12,factconsolidation_sh_32k,BM25,1
factconsolidation_sh_32k_no13,factconsolidation_sh_32k,BM25,1
factconsolidation_sh_32k_no14,factconsolidation_sh_32k,BM25,1
factconsolidation_sh_32k_no17,factconsolidation_sh_32k,BM25,1
factconsolidation_sh_32k_no15,factconsolidation_sh_32k,BM25,1
factconsolidation_sh_32k_no19,factconsolidation_sh_32k,BM25,1
factconsolidation_sh_32k_no18,factconsolidation_sh_32k,BM25,1
factconsolidation_sh_32k_no16,factconsolidation_sh_32k,BM25,1
factconsolidation_sh_32k_no20,factconsolidation_sh_32k,BM25,1
factconsolidation_sh_32k_no21,factconsolidation_sh_32k,BM25,1
factconsolidation_sh_32k_no22,factconsolidation_sh_32k,BM25,1
factconsolidation_sh_32k_no26,factconsolidation_sh_32k,BM25,1
factconsolidation_sh_32k_no24,factconsolidation_sh_32k,BM25,1
factconsolidation_sh_32k_no25,factconsolidation_sh_32k,BM25,1
factconsolidation_sh_32k_no27,factconsolidation_sh_32k,BM25,1
factconsolidation_sh_32k_no23,factconsolidation_sh_32k,BM25,1
factconsolidation_sh_32k_no30,factconsolidation_sh_32k,BM25,1
factconsolidation_sh_32k_no28,factconsolidation_sh_32k,BM25,1
factconsolidation_sh_32k_no29,factconsolidation_sh_32k,BM25,1
factconsolidation_sh_32k_no31,factconsolidation_sh_32k,BM25,1
factconsolidation_sh_32k_no33,factconsolidation_sh_32k,BM25,1
factconsolidation_sh_32k_no32,factconsolidation_sh_32k,BM25,1
factconsolidation_sh_32k_no35,factconsolidation_sh_32k,BM25,1
factconsolidation_sh_32k_no36,factconsolidation_sh_32k,BM25,1
factconsolidation_sh_32k_no34,factconsolidation_sh_32k,BM25,1
factconsolidation_sh_32k_no37,factconsolidation_sh_32k,BM25,1
factconsolidation_sh_32k_no38,factconsolidation_sh_32k,BM25,1
factconsolidation_sh_32k_no39,factconsolidation_sh_32k,BM25,1
factconsolidation_sh_32k_no40,factconsolidation_sh_32k,BM25,1
factconsolidation_sh_32k_no41,factconsolidation_sh_32k,BM25,1
factconsolidation_sh_32k_no42,factconsolidation_sh_32k,BM25,1
factconsolidation_sh_32k_no43,factconsolidation_sh_32k,BM25,1
factconsolidation_sh_32k_no44,factconsolidation_sh_32k,BM25,1
factconsolidation_sh_32k_no46,factconsolidation_sh_32k,BM25,1
factconsolidation_sh_32k_no45,factconsolidation_sh_32k,BM25,1
factconsolidation_sh_32k_no47,factconsolidation_sh_32k,BM25,1
factconsolidation_sh_32k_no48,factconsolidation_sh_32k,BM25,1
factconsolidation_sh_32k_no49,factconsolidation_sh_32k,BM25,1
factconsolidation_sh_32k_no50,factconsolidation_sh_32k,BM25,1
factconsolidation_sh_32k_no52,factconsolidation_sh_32k,BM25,1
factconsolidation_sh_32k_no51,factconsolidation_sh_32k,BM25,1
factconsolidation_sh_32k_no53,factconsolidation_sh_32k,BM25,1
factconsolidation_sh_32k_no55,factconsolidation_sh_32k,BM25,1
factconsolidation_sh_32k_no56,factconsolidation_sh_32k,BM25,1
factconsolidation_sh_32k_no54,factconsolidation_sh_32k,BM25,1
factconsolidation_sh_32k_no59,factconsolidation_sh_32k,BM25,1
factconsolidation_sh_32k_no60,factconsolidation_sh_32k,BM25,1
factconsolidation_sh_32k_no57,factconsolidation_sh_32k,BM25,1
factconsolidation_sh_32k_no58,factconsolidation_sh_32k,BM25,1
factconsolidation_sh_32k_no62,factconsolidation_sh_32k,BM25,1
factconsolidation_sh_32k_no61,factconsolidation_sh_32k,BM25,1
factconsolidation_sh_32k_no63,factconsolidation_sh_32k,BM25,1
factconsolidation_sh_32k_no65,factconsolidation_sh_32k,BM25,1
factconsolidation_sh_32k_no68,factconsolidation_sh_32k,BM25,1
factconsolidation_sh_32k_no66,factconsolidation_sh_32k,BM25,1
factconsolidation_sh_32k_no67,factconsolidation_sh_32k,BM25,1
factconsolidation_sh_32k_no69,factconsolidation_sh_32k,BM25,1
factconsolidation_sh_32k_no70,factconsolidation_sh_32k,BM25,1
factconsolidation_sh_32k_no71,factconsolidation_sh_32k,BM25,1
factconsolidation_sh_32k_no73,factconsolidation_sh_32k,BM25,1
factconsolidation_sh_32k_no72,factconsolidation_sh_32k,BM25,1
factconsolidation_sh_32k_no74,factconsolidation_sh_32k,BM25,1
factconsolidation_sh_32k_no75,factconsolidation_sh_32k,BM25,1
factconsolidation_sh_32k_no77,factconsolidation_sh_32k,BM25,1
factconsolidation_sh_32k_no79,factconsolidation_sh_32k,BM25,1
factconsolidation_sh_32k_no76,factconsolidation_sh_32k,BM25,1
factconsolidation_sh_32k_no78,factconsolidation_sh_32k,BM25,1
factconsolidation_sh_32k_no80,factconsolidation_sh_32k,BM25,1
factconsolidation_sh_32k_no81,factconsolidation_sh_32k,BM25,1
factconsolidation_sh_32k_no82,factconsolidation_sh_32k,BM25,1
factconsolidation_sh_32k_no83,factconsolidation_sh_32k,BM25,1
factconsolidation_sh_32k_no84,factconsolidation_sh_32k,BM25,1
factconsolidation_sh_32k_no85,factconsolidation_sh_32k,BM25,1
factconsolidation_sh_32k_no86,factconsolidation_sh_32k,BM25,1
factconsolidation_sh_32k_no89,factconsolidation_sh_32k,BM25,1
factconsolidation_sh_32k_no87,factconsolidation_sh_32k,BM25,1
factconsolidation_sh_32k_no88,factconsolidation_sh_32k,BM25,1
factconsolidation_sh_32k_no91,factconsolidation_sh_32k,BM25,1
factconsolidation_sh_32k_no92,factconsolidation_sh_32k,BM25,1
factconsolidation_sh_32k_no93,factconsolidation_sh_32k,BM25,1
factconsolidation_sh_32k_no90,factconsolidation_sh_32k,BM25,1
factconsolidation_sh_32k_no97,factconsolidation_sh_32k,BM25,1
factconsolidation_sh_32k_no95,factconsolidation_sh_32k,BM25,1
factconsolidation_sh_32k_no94,factconsolidation_sh_32k,BM25,1
factconsolidation_sh_32k_no98,factconsolidation_sh_32k,BM25,1
factconsolidation_sh_32k_no96,factconsolidation_sh_32k,BM25,1
factconsolidation_sh_32k_no99,factconsolidation_sh_32k,BM25,1
factconsolidation_sh_32k_no64,factconsolidation_sh_32k,BM25,1
factconsolidation_sh_6k_no0,factconsolidation_sh_6k,FULL,1
factconsolidation_sh_32k_no0,factconsolidation_sh_32k,FULL,1
factconsolidation_sh_6k_no1,factconsolidation_sh_6k,FULL,1
factconsolidation_sh_6k_no2,factconsolidation_sh_6k,FULL,1
factconsolidation_sh_6k_no3,factconsolidation_sh_6k,FULL,1
factconsolidation_sh_6k_no4,factconsolidation_sh_6k,FULL,1
factconsolidation_sh_6k_no5,factconsolidation_sh_6k,FULL,1
factconsolidation_sh_6k_no6,factconsolidation_sh_6k,FULL,1
factconsolidation_sh_6k_no7,factconsolidation_sh_6k,FULL,1
factconsolidation_sh_6k_no8,factconsolidation_sh_6k,FULL,1
factconsolidation_sh_6k_no9,factconsolidation_sh_6k,FULL,1
factconsolidation_sh_6k_no10,factconsolidation_sh_6k,FULL,1
factconsolidation_sh_6k_no11,factconsolidation_sh_6k,FULL,1
factconsolidation_sh_6k_no12,factconsolidation_sh_6k,FULL,1
factconsolidation_sh_6k_no13,factconsolidation_sh_6k,FULL,1
factconsolidation_sh_6k_no14,factconsolidation_sh_6k,FULL,1
factconsolidation_sh_6k_no15,factconsolidation_sh_6k,FULL,1
factconsolidation_sh_6k_no16,factconsolidation_sh_6k,FULL,1
factconsolidation_sh_6k_no17,factconsolidation_sh_6k,FULL,1
factconsolidation_sh_6k_no18,factconsolidation_sh_6k,FULL,1
factconsolidation_sh_6k_no19,factconsolidation_sh_6k,FULL,1
factconsolidation_sh_6k_no20,factconsolidation_sh_6k,FULL,1
factconsolidation_sh_6k_no21,factconsolidation_sh_6k,FULL,1
factconsolidation_sh_6k_no22,factconsolidation_sh_6k,FULL,1
factconsolidation_sh_6k_no23,factconsolidation_sh_6k,FULL,1
factconsolidation_sh_6k_no24,factconsolidation_sh_6k,FULL,1
factconsolidation_sh_6k_no25,factconsolidation_sh_6k,FULL,1
factconsolidation_sh_6k_no26,factconsolidation_sh_6k,FULL,1
factconsolidation_sh_6k_no27,factconsolidation_sh_6k,FULL,1
factconsolidation_sh_6k_no28,factconsolidation_sh_6k,FULL,1
factconsolidation_sh_6k_no29,factconsolidation_sh_6k,FULL,1
factconsolidation_sh_6k_no30,factconsolidation_sh_6k,FULL,1
factconsolidation_sh_6k_no31,factconsolidation_sh_6k,FULL,1
factconsolidation_sh_6k_no32,factconsolidation_sh_6k,FULL,1
factconsolidation_sh_6k_no33,factconsolidation_sh_6k,FULL,1
factconsolidation_sh_6k_no34,factconsolidation_sh_6k,FULL,1
factconsolidation_sh_6k_no35,factconsolidation_sh_6k,FULL,1
factconsolidation_sh_6k_no36,factconsolidation_sh_6k,FULL,1
factconsolidation_sh_6k_no37,factconsolidation_sh_6k,FULL,1
factconsolidation_sh_6k_no38,factconsolidation_sh_6k,FULL,1
factconsolidation_sh_6k_no39,factconsolidation_sh_6k,FULL,1
factconsolidation_sh_6k_no40,factconsolidation_sh_6k,FULL,1
factconsolidation_sh_6k_no41,factconsolidation_sh_6k,FULL,1
factconsolidation_sh_6k_no42,factconsolidation_sh_6k,FULL,1
factconsolidation_sh_6k_no43,factconsolidation_sh_6k,FULL,1
factconsolidation_sh_6k_no44,factconsolidation_sh_6k,FULL,1
factconsolidation_sh_6k_no45,factconsolidation_sh_6k,FULL,1
factconsolidation_sh_6k_no46,factconsolidation_sh_6k,FULL,1
factconsolidation_sh_6k_no47,factconsolidation_sh_6k,FULL,1
factconsolidation_sh_6k_no48,factconsolidation_sh_6k,FULL,1
factconsolidation_sh_6k_no49,factconsolidation_sh_6k,FULL,1
factconsolidation_sh_6k_no50,factconsolidation_sh_6k,FULL,1
factconsolidation_sh_6k_no51,factconsolidation_sh_6k,FULL,1
factconsolidation_sh_6k_no52,factconsolidation_sh_6k,FULL,1
factconsolidation_sh_6k_no53,factconsolidation_sh_6k,FULL,1
factconsolidation_sh_6k_no54,factconsolidation_sh_6k,FULL,1
factconsolidation_sh_6k_no55,factconsolidation_sh_6k,FULL,1
factconsolidation_sh_6k_no56,factconsolidation_sh_6k,FULL,1
factconsolidation_sh_6k_no57,factconsolidation_sh_6k,FULL,1
factconsolidation_sh_6k_no58,factconsolidation_sh_6k,FULL,1
factconsolidation_sh_6k_no59,factconsolidation_sh_6k,FULL,1
factconsolidation_sh_6k_no60,factconsolidation_sh_6k,FULL,1
factconsolidation_sh_6k_no61,factconsolidation_sh_6k,FULL,1
factconsolidation_sh_6k_no62,factconsolidation_sh_6k,FULL,1
factconsolidation_sh_6k_no63,factconsolidation_sh_6k,FULL,1
factconsolidation_sh_6k_no64,factconsolidation_sh_6k,FULL,1
factconsolidation_sh_6k_no65,factconsolidation_sh_6k,FULL,1
factconsolidation_sh_6k_no66,factconsolidation_sh_6k,FULL,1
factconsolidation_sh_6k_no67,factconsolidation_sh_6k,FULL,1
factconsolidation_sh_6k_no68,factconsolidation_sh_6k,FULL,1
factconsolidation_sh_6k_no69,factconsolidation_sh_6k,FULL,1
factconsolidation_sh_6k_no70,factconsolidation_sh_6k,FULL,1
factconsolidation_sh_6k_no71,factconsolidation_sh_6k,FULL,1
factconsolidation_sh_6k_no72,factconsolidation_sh_6k,FULL,1
factconsolidation_sh_6k_no73,factconsolidation_sh_6k,FULL,1
factconsolidation_sh_6k_no74,factconsolidation_sh_6k,FULL,1
factconsolidation_sh_6k_no75,factconsolidation_sh_6k,FULL,1
factconsolidation_sh_6k_no76,factconsolidation_sh_6k,FULL,1
factconsolidation_sh_6k_no77,factconsolidation_sh_6k,FULL,1
factconsolidation_sh_6k_no78,factconsolidation_sh_6k,FULL,1
factconsolidation_sh_6k_no79,factconsolidation_sh_6k,FULL,1
factconsolidation_sh_6k_no80,factconsolidation_sh_6k,FULL,1
factconsolidation_sh_6k_no81,factconsolidation_sh_6k,FULL,1
factconsolidation_sh_6k_no82,factconsolidation_sh_6k,FULL,1
factconsolidation_sh_6k_no83,factconsolidation_sh_6k,FULL,1
factconsolidation_sh_6k_no84,factconsolidation_sh_6k,FULL,1
factconsolidation_sh_6k_no85,factconsolidation_sh_6k,FULL,1
factconsolidation_sh_6k_no86,factconsolidation_sh_6k,FULL,1
factconsolidation_sh_6k_no87,factconsolidation_sh_6k,FULL,1
factconsolidation_sh_6k_no88,factconsolidation_sh_6k,FULL,1
factconsolidation_sh_6k_no89,factconsolidation_sh_6k,FULL,1
factconsolidation_sh_6k_no90,factconsolidation_sh_6k,FULL,1
factconsolidation_sh_6k_no91,factconsolidation_sh_6k,FULL,1
factconsolidation_sh_6k_no92,factconsolidation_sh_6k,FULL,1
factconsolidation_sh_6k_no93,factconsolidation_sh_6k,FULL,1
factconsolidation_sh_6k_no94,factconsolidation_sh_6k,FULL,1
factconsolidation_sh_6k_no95,factconsolidation_sh_6k,FULL,1
factconsolidation_sh_6k_no96,factconsolidation_sh_6k,FULL,1
factconsolidation_sh_6k_no97,factconsolidation_sh_6k,FULL,1
factconsolidation_sh_6k_no98,factconsolidation_sh_6k,FULL,1
factconsolidation_sh_6k_no99,factconsolidation_sh_6k,FULL,1
factconsolidation_sh_32k_no1,factconsolidation_sh_32k,FULL,1
factconsolidation_sh_32k_no3,factconsolidation_sh_32k,FULL,1
factconsolidation_sh_32k_no4,factconsolidation_sh_32k,FULL,1
factconsolidation_sh_32k_no6,factconsolidation_sh_32k,FULL,1
factconsolidation_sh_32k_no5,factconsolidation_sh_32k,FULL,1
factconsolidation_sh_32k_no2,factconsolidation_sh_32k,FULL,1
factconsolidation_sh_32k_no7,factconsolidation_sh_32k,FULL,1
factconsolidation_sh_32k_no8,factconsolidation_sh_32k,FULL,0
factconsolidation_sh_32k_no11,factconsolidation_sh_32k,FULL,1
factconsolidation_sh_32k_no9,factconsolidation_sh_32k,FULL,0
factconsolidation_sh_32k_no10,factconsolidation_sh_32k,FULL,1
factconsolidation_sh_32k_no13,factconsolidation_sh_32k,FULL,1
factconsolidation_sh_32k_no12,factconsolidation_sh_32k,FULL,1
factconsolidation_sh_32k_no14,factconsolidation_sh_32k,FULL,1
factconsolidation_sh_32k_no16,factconsolidation_sh_32k,FULL,1
factconsolidation_sh_32k_no15,factconsolidation_sh_32k,FULL,1
factconsolidation_sh_32k_no17,factconsolidation_sh_32k,FULL,1
factconsolidation_sh_32k_no19,factconsolidation_sh_32k,FULL,1
factconsolidation_sh_32k_no18,factconsolidation_sh_32k,FULL,1
factconsolidation_sh_32k_no20,factconsolidation_sh_32k,FULL,1
factconsolidation_sh_32k_no21,factconsolidation_sh_32k,FULL,1
factconsolidation_sh_32k_no22,factconsolidation_sh_32k,FULL,1
factconsolidation_sh_32k_no24,factconsolidation_sh_32k,FULL,1
factconsolidation_sh_32k_no23,factconsolidation_sh_32k,FULL,1
factconsolidation_sh_32k_no25,factconsolidation_sh_32k,FULL,1
factconsolidation_sh_32k_no26,factconsolidation_sh_32k,FULL,1
factconsolidation_sh_32k_no30,factconsolidation_sh_32k,FULL,1
factconsolidation_sh_32k_no29,factconsolidation_sh_32k,FULL,1
factconsolidation_sh_32k_no28,factconsolidation_sh_32k,FULL,1
factconsolidation_sh_32k_no27,factconsolidation_sh_32k,FULL,1
factconsolidation_sh_32k_no32,factconsolidation_sh_32k,FULL,1
factconsolidation_sh_32k_no31,factconsolidation_sh_32k,FULL,1
factconsolidation_sh_32k_no33,factconsolidation_sh_32k,FULL,1
factconsolidation_sh_32k_no35,factconsolidation_sh_32k,FULL,1
factconsolidation_sh_32k_no34,factconsolidation_sh_32k,FULL,1
factconsolidation_sh_32k_no37,factconsolidation_sh_32k,FULL,1
factconsolidation_sh_32k_no36,factconsolidation_sh_32k,FULL,1
factconsolidation_sh_32k_no38,factconsolidation_sh_32k,FULL,1
factconsolidation_sh_32k_no40,factconsolidation_sh_32k,FULL,1
factconsolidation_sh_32k_no39,factconsolidation_sh_32k,FULL,1
factconsolidation_sh_32k_no44,factconsolidation_sh_32k,FULL,1
factconsolidation_sh_32k_no41,factconsolidation_sh_32k,FULL,1
factconsolidation_sh_32k_no42,factconsolidation_sh_32k,FULL,1
factconsolidation_sh_32k_no43,factconsolidation_sh_32k,FULL,1
factconsolidation_sh_32k_no45,factconsolidation_sh_32k,FULL,1
factconsolidation_sh_32k_no46,factconsolidation_sh_32k,FULL,1
factconsolidation_sh_32k_no48,factconsolidation_sh_32k,FULL,1
factconsolidation_sh_32k_no47,factconsolidation_sh_32k,FULL,1
factconsolidation_sh_32k_no50,factconsolidation_sh_32k,FULL,1
factconsolidation_sh_32k_no49,factconsolidation_sh_32k,FULL,1
factconsolidation_sh_32k_no52,factconsolidation_sh_32k,FULL,1
factconsolidation_sh_32k_no55,factconsolidation_sh_32k,FULL,1
factconsolidation_sh_32k_no54,factconsolidation_sh_32k,FULL,1
factconsolidation_sh_32k_no51,factconsolidation_sh_32k,FULL,1
factconsolidation_sh_32k_no53,factconsolidation_sh_32k,FULL,1
factconsolidation_sh_32k_no56,factconsolidation_sh_32k,FULL,1
factconsolidation_sh_32k_no58,factconsolidation_sh_32k,FULL,1
factconsolidation_sh_32k_no59,factconsolidation_sh_32k,FULL,1
factconsolidation_sh_32k_no60,factconsolidation_sh_32k,FULL,1
factconsolidation_sh_32k_no62,factconsolidation_sh_32k,FULL,1
factconsolidation_sh_32k_no57,factconsolidation_sh_32k,FULL,1
factconsolidation_sh_32k_no61,factconsolidation_sh_32k,FULL,1
factconsolidation_sh_32k_no63,factconsolidation_sh_32k,FULL,1
factconsolidation_sh_32k_no64,factconsolidation_sh_32k,FULL,1
factconsolidation_sh_32k_no65,factconsolidation_sh_32k,FULL,1
factconsolidation_sh_32k_no68,factconsolidation_sh_32k,FULL,1
factconsolidation_sh_32k_no67,factconsolidation_sh_32k,FULL,1
factconsolidation_sh_32k_no66,factconsolidation_sh_32k,FULL,1
factconsolidation_sh_32k_no69,factconsolidation_sh_32k,FULL,1
factconsolidation_sh_32k_no70,factconsolidation_sh_32k,FULL,1
factconsolidation_sh_32k_no71,factconsolidation_sh_32k,FULL,1
factconsolidation_sh_32k_no72,factconsolidation_sh_32k,FULL,1
factconsolidation_sh_32k_no73,factconsolidation_sh_32k,FULL,1
factconsolidation_sh_32k_no75,factconsolidation_sh_32k,FULL,1
factconsolidation_sh_32k_no78,factconsolidation_sh_32k,FULL,1
factconsolidation_sh_32k_no77,factconsolidation_sh_32k,FULL,1
factconsolidation_sh_32k_no74,factconsolidation_sh_32k,FULL,1
factconsolidation_sh_32k_no76,factconsolidation_sh_32k,FULL,1
factconsolidation_sh_32k_no79,factconsolidation_sh_32k,FULL,1
factconsolidation_sh_32k_no80,factconsolidation_sh_32k,FULL,1
factconsolidation_sh_32k_no82,factconsolidation_sh_32k,FULL,1
factconsolidation_sh_32k_no84,factconsolidation_sh_32k,FULL,1
factconsolidation_sh_32k_no83,factconsolidation_sh_32k,FULL,1
factconsolidation_sh_32k_no81,factconsolidation_sh_32k,FULL,1
factconsolidation_sh_32k_no85,factconsolidation_sh_32k,FULL,1
factconsolidation_sh_32k_no88,factconsolidation_sh_32k,FULL,1
factconsolidation_sh_32k_no89,factconsolidation_sh_32k,FULL,1
factconsolidation_sh_32k_no87,factconsolidation_sh_32k,FULL,1
factconsolidation_sh_32k_no86,factconsolidation_sh_32k,FULL,1
factconsolidation_sh_32k_no91,factconsolidation_sh_32k,FULL,1
factconsolidation_sh_32k_no90,factconsolidation_sh_32k,FULL,1
factconsolidation_sh_32k_no92,factconsolidation_sh_32k,FULL,1
factconsolidation_sh_32k_no93,factconsolidation_sh_32k,FULL,1
factconsolidation_sh_32k_no94,factconsolidation_sh_32k,FULL,1
factconsolidation_sh_32k_no96,factconsolidation_sh_32k,FULL,1
factconsolidation_sh_32k_no95,factconsolidation_sh_32k,FULL,1
factconsolidation_sh_32k_no99,factconsolidation_sh_32k,FULL,1
factconsolidation_sh_32k_no97,factconsolidation_sh_32k,FULL,1
factconsolidation_sh_32k_no98,factconsolidation_sh_32k,FULL,1
factconsolidation_sh_6k_no1,factconsolidation_sh_6k,MEM0,1
factconsolidation_sh_6k_no2,factconsolidation_sh_6k,MEM0,1
factconsolidation_sh_6k_no0,factconsolidation_sh_6k,MEM0,1
factconsolidation_sh_6k_no3,factconsolidation_sh_6k,MEM0,1
factconsolidation_sh_6k_no4,factconsolidation_sh_6k,MEM0,1
factconsolidation_sh_6k_no5,factconsolidation_sh_6k,MEM0,1
factconsolidation_sh_6k_no6,factconsolidation_sh_6k,MEM0,1
factconsolidation_sh_6k_no7,factconsolidation_sh_6k,MEM0,0
factconsolidation_sh_6k_no8,factconsolidation_sh_6k,MEM0,1
factconsolidation_sh_6k_no12,factconsolidation_sh_6k,MEM0,1
factconsolidation_sh_6k_no9,factconsolidation_sh_6k,MEM0,1
factconsolidation_sh_6k_no11,factconsolidation_sh_6k,MEM0,1
factconsolidation_sh_6k_no10,factconsolidation_sh_6k,MEM0,1
factconsolidation_sh_6k_no14,factconsolidation_sh_6k,MEM0,1
factconsolidation_sh_6k_no13,factconsolidation_sh_6k,MEM0,1
factconsolidation_sh_6k_no15,factconsolidation_sh_6k,MEM0,1
factconsolidation_sh_6k_no16,factconsolidation_sh_6k,MEM0,1
factconsolidation_sh_6k_no17,factconsolidation_sh_6k,MEM0,1
factconsolidation_sh_6k_no18,factconsolidation_sh_6k,MEM0,1
factconsolidation_sh_6k_no21,factconsolidation_sh_6k,MEM0,1
factconsolidation_sh_6k_no20,factconsolidation_sh_6k,MEM0,0
factconsolidation_sh_6k_no22,factconsolidation_sh_6k,MEM0,1
factconsolidation_sh_6k_no19,factconsolidation_sh_6k,MEM0,1
factconsolidation_sh_6k_no25,factconsolidation_sh_6k,MEM0,1
factconsolidation_sh_6k_no23,factconsolidation_sh_6k,MEM0,1
factconsolidation_sh_6k_no26,factconsolidation_sh_6k,MEM0,1
factconsolidation_sh_6k_no24,factconsolidation_sh_6k,MEM0,1
factconsolidation_sh_6k_no27,factconsolidation_sh_6k,MEM0,1
factconsolidation_sh_6k_no28,factconsolidation_sh_6k,MEM0,1
factconsolidation_sh_6k_no30,factconsolidation_sh_6k,MEM0,1
factconsolidation_sh_6k_no31,factconsolidation_sh_6k,MEM0,1
factconsolidation_sh_6k_no29,factconsolidation_sh_6k,MEM0,1
factconsolidation_sh_6k_no32,factconsolidation_sh_6k,MEM0,1
factconsolidation_sh_6k_no33,factconsolidation_sh_6k,MEM0,1
factconsolidation_sh_6k_no34,factconsolidation_sh_6k,MEM0,1
factconsolidation_sh_6k_no35,factconsolidation_sh_6k,MEM0,1
factconsolidation_sh_6k_no37,factconsolidation_sh_6k,MEM0,1
factconsolidation_sh_6k_no36,factconsolidation_sh_6k,MEM0,0
factconsolidation_sh_6k_no38,factconsolidation_sh_6k,MEM0,1
factconsolidation_sh_6k_no39,factconsolidation_sh_6k,MEM0,1
factconsolidation_sh_6k_no40,factconsolidation_sh_6k,MEM0,1
factconsolidation_sh_6k_no41,factconsolidation_sh_6k,MEM0,1
factconsolidation_sh_6k_no43,factconsolidation_sh_6k,MEM0,1
factconsolidation_sh_6k_no42,factconsolidation_sh_6k,MEM0,1
factconsolidation_sh_6k_no44,factconsolidation_sh_6k,MEM0,1
factconsolidation_sh_6k_no46,factconsolidation_sh_6k,MEM0,1
factconsolidation_sh_6k_no45,factconsolidation_sh_6k,MEM0,1
factconsolidation_sh_6k_no49,factconsolidation_sh_6k,MEM0,1
factconsolidation_sh_6k_no47,factconsolidation_sh_6k,MEM0,1
factconsolidation_sh_6k_no48,factconsolidation_sh_6k,MEM0,1
factconsolidation_sh_6k_no50,factconsolidation_sh_6k,MEM0,1
factconsolidation_sh_6k_no51,factconsolidation_sh_6k,MEM0,1
factconsolidation_sh_6k_no53,factconsolidation_sh_6k,MEM0,1
factconsolidation_sh_6k_no55,factconsolidation_sh_6k,MEM0,1
factconsolidation_sh_6k_no56,factconsolidation_sh_6k,MEM0,0
factconsolidation_sh_6k_no57,factconsolidation_sh_6k,MEM0,1
factconsolidation_sh_6k_no58,factconsolidation_sh_6k,MEM0,1
factconsolidation_sh_6k_no54,factconsolidation_sh_6k,MEM0,1
factconsolidation_sh_6k_no59,factconsolidation_sh_6k,MEM0,0
factconsolidation_sh_6k_no52,factconsolidation_sh_6k,MEM0,1
factconsolidation_sh_6k_no61,factconsolidation_sh_6k,MEM0,0
factconsolidation_sh_6k_no60,factconsolidation_sh_6k,MEM0,1
factconsolidation_sh_6k_no62,factconsolidation_sh_6k,MEM0,1
factconsolidation_sh_6k_no64,factconsolidation_sh_6k,MEM0,1
factconsolidation_sh_6k_no63,factconsolidation_sh_6k,MEM0,1
factconsolidation_sh_6k_no65,factconsolidation_sh_6k,MEM0,1
factconsolidation_sh_6k_no68,factconsolidation_sh_6k,MEM0,1
factconsolidation_sh_6k_no66,factconsolidation_sh_6k,MEM0,0
factconsolidation_sh_6k_no70,factconsolidation_sh_6k,MEM0,0
factconsolidation_sh_6k_no71,factconsolidation_sh_6k,MEM0,1
factconsolidation_sh_6k_no67,factconsolidation_sh_6k,MEM0,0
factconsolidation_sh_6k_no69,factconsolidation_sh_6k,MEM0,1
factconsolidation_sh_6k_no72,factconsolidation_sh_6k,MEM0,1
factconsolidation_sh_6k_no74,factconsolidation_sh_6k,MEM0,1
factconsolidation_sh_6k_no73,factconsolidation_sh_6k,MEM0,1
factconsolidation_sh_6k_no75,factconsolidation_sh_6k,MEM0,1
factconsolidation_sh_6k_no76,factconsolidation_sh_6k,MEM0,1
factconsolidation_sh_6k_no77,factconsolidation_sh_6k,MEM0,1
factconsolidation_sh_6k_no78,factconsolidation_sh_6k,MEM0,1
factconsolidation_sh_6k_no79,factconsolidation_sh_6k,MEM0,1
factconsolidation_sh_6k_no81,factconsolidation_sh_6k,MEM0,1
factconsolidation_sh_6k_no80,factconsolidation_sh_6k,MEM0,1
factconsolidation_sh_6k_no83,factconsolidation_sh_6k,MEM0,1
factconsolidation_sh_6k_no82,factconsolidation_sh_6k,MEM0,1
factconsolidation_sh_6k_no86,factconsolidation_sh_6k,MEM0,1
factconsolidation_sh_6k_no84,factconsolidation_sh_6k,MEM0,1
factconsolidation_sh_6k_no87,factconsolidation_sh_6k,MEM0,1
factconsolidation_sh_6k_no88,factconsolidation_sh_6k,MEM0,1
factconsolidation_sh_6k_no85,factconsolidation_sh_6k,MEM0,1
factconsolidation_sh_6k_no90,factconsolidation_sh_6k,MEM0,1
factconsolidation_sh_6k_no93,factconsolidation_sh_6k,MEM0,1
factconsolidation_sh_6k_no89,factconsolidation_sh_6k,MEM0,1
factconsolidation_sh_6k_no91,factconsolidation_sh_6k,MEM0,1
factconsolidation_sh_6k_no92,factconsolidation_sh_6k,MEM0,1
factconsolidation_sh_6k_no94,factconsolidation_sh_6k,MEM0,1
factconsolidation_sh_6k_no95,factconsolidation_sh_6k,MEM0,1
factconsolidation_sh_6k_no96,factconsolidation_sh_6k,MEM0,1
factconsolidation_sh_6k_no99,factconsolidation_sh_6k,MEM0,1
factconsolidation_sh_32k_no0,factconsolidation_sh_32k,MEM0,1
factconsolidation_sh_6k_no97,factconsolidation_sh_6k,MEM0,1
factconsolidation_sh_32k_no1,factconsolidation_sh_32k,MEM0,0
factconsolidation_sh_6k_no98,factconsolidation_sh_6k,MEM0,1
factconsolidation_sh_32k_no4,factconsolidation_sh_32k,MEM0,1
factconsolidation_sh_32k_no2,factconsolidation_sh_32k,MEM0,1
factconsolidation_sh_32k_no3,factconsolidation_sh_32k,MEM0,1
factconsolidation_sh_32k_no5,factconsolidation_sh_32k,MEM0,1
factconsolidation_sh_32k_no6,factconsolidation_sh_32k,MEM0,1
factconsolidation_sh_32k_no8,factconsolidation_sh_32k,MEM0,0
factconsolidation_sh_32k_no7,factconsolidation_sh_32k,MEM0,1
factconsolidation_sh_32k_no9,factconsolidation_sh_32k,MEM0,0
factconsolidation_sh_32k_no10,factconsolidation_sh_32k,MEM0,1
factconsolidation_sh_32k_no12,factconsolidation_sh_32k,MEM0,1
factconsolidation_sh_32k_no13,factconsolidation_sh_32k,MEM0,1
factconsolidation_sh_32k_no11,factconsolidation_sh_32k,MEM0,1
factconsolidation_sh_32k_no14,factconsolidation_sh_32k,MEM0,1
factconsolidation_sh_32k_no17,factconsolidation_sh_32k,MEM0,1
factconsolidation_sh_32k_no18,factconsolidation_sh_32k,MEM0,1
factconsolidation_sh_32k_no15,factconsolidation_sh_32k,MEM0,1
factconsolidation_sh_32k_no16,factconsolidation_sh_32k,MEM0,1
factconsolidation_sh_32k_no19,factconsolidation_sh_32k,MEM0,1
factconsolidation_sh_32k_no20,factconsolidation_sh_32k,MEM0,1
factconsolidation_sh_32k_no21,factconsolidation_sh_32k,MEM0,1
factconsolidation_sh_32k_no22,factconsolidation_sh_32k,MEM0,1
factconsolidation_sh_32k_no23,factconsolidation_sh_32k,MEM0,0
factconsolidation_sh_32k_no25,factconsolidation_sh_32k,MEM0,1
factconsolidation_sh_32k_no24,factconsolidation_sh_32k,MEM0,1
factconsolidation_sh_32k_no26,factconsolidation_sh_32k,MEM0,1
factconsolidation_sh_32k_no28,factconsolidation_sh_32k,MEM0,1
factconsolidation_sh_32k_no27,factconsolidation_sh_32k,MEM0,1
factconsolidation_sh_32k_no29,factconsolidation_sh_32k,MEM0,1
factconsolidation_sh_32k_no31,factconsolidation_sh_32k,MEM0,1
factconsolidation_sh_32k_no32,factconsolidation_sh_32k,MEM0,0
factconsolidation_sh_32k_no30,factconsolidation_sh_32k,MEM0,1
factconsolidation_sh_32k_no35,factconsolidation_sh_32k,MEM0,1
factconsolidation_sh_32k_no34,factconsolidation_sh_32k,MEM0,1
factconsolidation_sh_32k_no36,factconsolidation_sh_32k,MEM0,1
factconsolidation_sh_32k_no33,factconsolidation_sh_32k,MEM0,1
factconsolidation_sh_32k_no38,factconsolidation_sh_32k,MEM0,1
factconsolidation_sh_32k_no37,factconsolidation_sh_32k,MEM0,1
factconsolidation_sh_32k_no39,factconsolidation_sh_32k,MEM0,1
factconsolidation_sh_32k_no40,factconsolidation_sh_32k,MEM0,1
factconsolidation_sh_32k_no41,factconsolidation_sh_32k,MEM0,1
factconsolidation_sh_32k_no43,factconsolidation_sh_32k,MEM0,1
factconsolidation_sh_32k_no42,factconsolidation_sh_32k,MEM0,1
factconsolidation_sh_32k_no44,factconsolidation_sh_32k,MEM0,1
factconsolidation_sh_32k_no45,factconsolidation_sh_32k,MEM0,1
factconsolidation_sh_32k_no46,factconsolidation_sh_32k,MEM0,1
factconsolidation_sh_32k_no48,factconsolidation_sh_32k,MEM0,1
factconsolidation_sh_32k_no47,factconsolidation_sh_32k,MEM0,1
factconsolidation_sh_32k_no50,factconsolidation_sh_32k,MEM0,0
factconsolidation_sh_32k_no51,factconsolidation_sh_32k,MEM0,1
factconsolidation_sh_32k_no52,factconsolidation_sh_32k,MEM0,0
factconsolidation_sh_32k_no49,factconsolidation_sh_32k,MEM0,1
factconsolidation_sh_32k_no53,factconsolidation_sh_32k,MEM0,0
factconsolidation_sh_32k_no55,factconsolidation_sh_32k,MEM0,1
factconsolidation_sh_32k_no54,factconsolidation_sh_32k,MEM0,1
factconsolidation_sh_32k_no56,factconsolidation_sh_32k,MEM0,1
factconsolidation_sh_32k_no58,factconsolidation_sh_32k,MEM0,1
factconsolidation_sh_32k_no60,factconsolidation_sh_32k,MEM0,0
factconsolidation_sh_32k_no59,factconsolidation_sh_32k,MEM0,1
factconsolidation_sh_32k_no61,factconsolidation_sh_32k,MEM0,1
factconsolidation_sh_32k_no57,factconsolidation_sh_32k,MEM0,1
factconsolidation_sh_32k_no62,factconsolidation_sh_32k,MEM0,1
factconsolidation_sh_32k_no63,factconsolidation_sh_32k,MEM0,1
factconsolidation_sh_32k_no65,factconsolidation_sh_32k,MEM0,1
factconsolidation_sh_32k_no67,factconsolidation_sh_32k,MEM0,1
factconsolidation_sh_32k_no64,factconsolidation_sh_32k,MEM0,1
factconsolidation_sh_32k_no69,factconsolidation_sh_32k,MEM0,1
factconsolidation_sh_32k_no68,factconsolidation_sh_32k,MEM0,1
factconsolidation_sh_32k_no66,factconsolidation_sh_32k,MEM0,1
factconsolidation_sh_32k_no70,factconsolidation_sh_32k,MEM0,1
factconsolidation_sh_32k_no71,factconsolidation_sh_32k,MEM0,1
factconsolidation_sh_32k_no73,factconsolidation_sh_32k,MEM0,1
factconsolidation_sh_32k_no72,factconsolidation_sh_32k,MEM0,1
factconsolidation_sh_32k_no75,factconsolidation_sh_32k,MEM0,1
factconsolidation_sh_32k_no74,factconsolidation_sh_32k,MEM0,1
factconsolidation_sh_32k_no77,factconsolidation_sh_32k,MEM0,1
factconsolidation_sh_32k_no76,factconsolidation_sh_32k,MEM0,1
factconsolidation_sh_32k_no78,factconsolidation_sh_32k,MEM0,1
factconsolidation_sh_32k_no80,factconsolidation_sh_32k,MEM0,1
factconsolidation_sh_32k_no79,factconsolidation_sh_32k,MEM0,1
factconsolidation_sh_32k_no81,factconsolidation_sh_32k,MEM0,0
factconsolidation_sh_32k_no83,factconsolidation_sh_32k,MEM0,1
factconsolidation_sh_32k_no82,factconsolidation_sh_32k,MEM0,1
factconsolidation_sh_32k_no84,factconsolidation_sh_32k,MEM0,1
factconsolidation_sh_32k_no85,factconsolidation_sh_32k,MEM0,1
factconsolidation_sh_32k_no88,factconsolidation_sh_32k,MEM0,0
factconsolidation_sh_32k_no89,factconsolidation_sh_32k,MEM0,0
factconsolidation_sh_32k_no86,factconsolidation_sh_32k,MEM0,1
factconsolidation_sh_32k_no90,factconsolidation_sh_32k,MEM0,1
factconsolidation_sh_32k_no87,factconsolidation_sh_32k,MEM0,0
factconsolidation_sh_32k_no91,factconsolidation_sh_32k,MEM0,1
factconsolidation_sh_32k_no92,factconsolidation_sh_32k,MEM0,1
factconsolidation_sh_32k_no93,factconsolidation_sh_32k,MEM0,1
factconsolidation_sh_32k_no96,factconsolidation_sh_32k,MEM0,1
factconsolidation_sh_32k_no95,factconsolidation_sh_32k,MEM0,1
factconsolidation_sh_32k_no97,factconsolidation_sh_32k,MEM0,1
factconsolidation_sh_32k_no94,factconsolidation_sh_32k,MEM0,1
factconsolidation_sh_32k_no99,factconsolidation_sh_32k,MEM0,0
factconsolidation_sh_32k_no98,factconsolidation_sh_32k,MEM0,0
factconsolidation_sh_6k_no1,factconsolidation_sh_6k,MEM0_S,1
factconsolidation_sh_6k_no0,factconsolidation_sh_6k,MEM0_S,1
factconsolidation_sh_6k_no2,factconsolidation_sh_6k,MEM0_S,1
factconsolidation_sh_6k_no5,factconsolidation_sh_6k,MEM0_S,1
factconsolidation_sh_6k_no4,factconsolidation_sh_6k,MEM0_S,1
factconsolidation_sh_6k_no6,factconsolidation_sh_6k,MEM0_S,1
factconsolidation_sh_6k_no3,factconsolidation_sh_6k,MEM0_S,1
factconsolidation_sh_6k_no7,factconsolidation_sh_6k,MEM0_S,1
factconsolidation_sh_6k_no8,factconsolidation_sh_6k,MEM0_S,1
factconsolidation_sh_6k_no9,factconsolidation_sh_6k,MEM0_S,1
factconsolidation_sh_6k_no11,factconsolidation_sh_6k,MEM0_S,1
factconsolidation_sh_6k_no10,factconsolidation_sh_6k,MEM0_S,1
factconsolidation_sh_6k_no12,factconsolidation_sh_6k,MEM0_S,1
factconsolidation_sh_6k_no14,factconsolidation_sh_6k,MEM0_S,1
factconsolidation_sh_6k_no13,factconsolidation_sh_6k,MEM0_S,1
factconsolidation_sh_6k_no15,factconsolidation_sh_6k,MEM0_S,1
factconsolidation_sh_6k_no16,factconsolidation_sh_6k,MEM0_S,1
factconsolidation_sh_6k_no17,factconsolidation_sh_6k,MEM0_S,1
factconsolidation_sh_6k_no18,factconsolidation_sh_6k,MEM0_S,1
factconsolidation_sh_6k_no22,factconsolidation_sh_6k,MEM0_S,1
factconsolidation_sh_6k_no19,factconsolidation_sh_6k,MEM0_S,1
factconsolidation_sh_6k_no21,factconsolidation_sh_6k,MEM0_S,1
factconsolidation_sh_6k_no20,factconsolidation_sh_6k,MEM0_S,1
factconsolidation_sh_6k_no23,factconsolidation_sh_6k,MEM0_S,1
factconsolidation_sh_6k_no27,factconsolidation_sh_6k,MEM0_S,1
factconsolidation_sh_6k_no25,factconsolidation_sh_6k,MEM0_S,1
factconsolidation_sh_6k_no26,factconsolidation_sh_6k,MEM0_S,1
factconsolidation_sh_6k_no24,factconsolidation_sh_6k,MEM0_S,1
factconsolidation_sh_6k_no28,factconsolidation_sh_6k,MEM0_S,1
factconsolidation_sh_6k_no29,factconsolidation_sh_6k,MEM0_S,1
factconsolidation_sh_6k_no30,factconsolidation_sh_6k,MEM0_S,1
factconsolidation_sh_6k_no31,factconsolidation_sh_6k,MEM0_S,1
factconsolidation_sh_6k_no33,factconsolidation_sh_6k,MEM0_S,1
factconsolidation_sh_6k_no32,factconsolidation_sh_6k,MEM0_S,1
factconsolidation_sh_6k_no34,factconsolidation_sh_6k,MEM0_S,1
factconsolidation_sh_6k_no36,factconsolidation_sh_6k,MEM0_S,1
factconsolidation_sh_6k_no35,factconsolidation_sh_6k,MEM0_S,1
factconsolidation_sh_6k_no38,factconsolidation_sh_6k,MEM0_S,1
factconsolidation_sh_6k_no37,factconsolidation_sh_6k,MEM0_S,1
factconsolidation_sh_6k_no40,factconsolidation_sh_6k,MEM0_S,1
factconsolidation_sh_6k_no39,factconsolidation_sh_6k,MEM0_S,1
factconsolidation_sh_6k_no41,factconsolidation_sh_6k,MEM0_S,1
factconsolidation_sh_6k_no42,factconsolidation_sh_6k,MEM0_S,1
factconsolidation_sh_6k_no43,factconsolidation_sh_6k,MEM0_S,1
factconsolidation_sh_6k_no45,factconsolidation_sh_6k,MEM0_S,1
factconsolidation_sh_6k_no46,factconsolidation_sh_6k,MEM0_S,1
factconsolidation_sh_6k_no44,factconsolidation_sh_6k,MEM0_S,1
factconsolidation_sh_6k_no47,factconsolidation_sh_6k,MEM0_S,1
factconsolidation_sh_6k_no48,factconsolidation_sh_6k,MEM0_S,1
factconsolidation_sh_6k_no49,factconsolidation_sh_6k,MEM0_S,1
factconsolidation_sh_6k_no50,factconsolidation_sh_6k,MEM0_S,1
factconsolidation_sh_6k_no51,factconsolidation_sh_6k,MEM0_S,1
factconsolidation_sh_6k_no53,factconsolidation_sh_6k,MEM0_S,1
factconsolidation_sh_6k_no54,factconsolidation_sh_6k,MEM0_S,1
factconsolidation_sh_6k_no55,factconsolidation_sh_6k,MEM0_S,1
factconsolidation_sh_6k_no52,factconsolidation_sh_6k,MEM0_S,1
factconsolidation_sh_6k_no56,factconsolidation_sh_6k,MEM0_S,1
factconsolidation_sh_6k_no57,factconsolidation_sh_6k,MEM0_S,1
factconsolidation_sh_6k_no59,factconsolidation_sh_6k,MEM0_S,1
factconsolidation_sh_6k_no60,factconsolidation_sh_6k,MEM0_S,1
factconsolidation_sh_6k_no58,factconsolidation_sh_6k,MEM0_S,1
factconsolidation_sh_6k_no61,factconsolidation_sh_6k,MEM0_S,1
factconsolidation_sh_6k_no62,factconsolidation_sh_6k,MEM0_S,1
factconsolidation_sh_6k_no64,factconsolidation_sh_6k,MEM0_S,1
factconsolidation_sh_6k_no65,factconsolidation_sh_6k,MEM0_S,1
factconsolidation_sh_6k_no63,factconsolidation_sh_6k,MEM0_S,1
factconsolidation_sh_6k_no66,factconsolidation_sh_6k,MEM0_S,1
factconsolidation_sh_6k_no68,factconsolidation_sh_6k,MEM0_S,1
factconsolidation_sh_6k_no67,factconsolidation_sh_6k,MEM0_S,1
factconsolidation_sh_6k_no69,factconsolidation_sh_6k,MEM0_S,1
factconsolidation_sh_6k_no70,factconsolidation_sh_6k,MEM0_S,1
factconsolidation_sh_6k_no71,factconsolidation_sh_6k,MEM0_S,1
factconsolidation_sh_6k_no72,factconsolidation_sh_6k,MEM0_S,1
factconsolidation_sh_6k_no75,factconsolidation_sh_6k,MEM0_S,1
factconsolidation_sh_6k_no74,factconsolidation_sh_6k,MEM0_S,1
factconsolidation_sh_6k_no73,factconsolidation_sh_6k,MEM0_S,1
factconsolidation_sh_6k_no77,factconsolidation_sh_6k,MEM0_S,1
factconsolidation_sh_6k_no79,factconsolidation_sh_6k,MEM0_S,1
factconsolidation_sh_6k_no80,factconsolidation_sh_6k,MEM0_S,1
factconsolidation_sh_6k_no76,factconsolidation_sh_6k,MEM0_S,1
factconsolidation_sh_6k_no78,factconsolidation_sh_6k,MEM0_S,1
factconsolidation_sh_6k_no83,factconsolidation_sh_6k,MEM0_S,1
factconsolidation_sh_6k_no82,factconsolidation_sh_6k,MEM0_S,1
factconsolidation_sh_6k_no81,factconsolidation_sh_6k,MEM0_S,1
factconsolidation_sh_6k_no85,factconsolidation_sh_6k,MEM0_S,1
factconsolidation_sh_6k_no84,factconsolidation_sh_6k,MEM0_S,1
factconsolidation_sh_6k_no86,factconsolidation_sh_6k,MEM0_S,1
factconsolidation_sh_6k_no88,factconsolidation_sh_6k,MEM0_S,1
factconsolidation_sh_6k_no87,factconsolidation_sh_6k,MEM0_S,1
factconsolidation_sh_6k_no90,factconsolidation_sh_6k,MEM0_S,1
factconsolidation_sh_6k_no93,factconsolidation_sh_6k,MEM0_S,1
factconsolidation_sh_6k_no91,factconsolidation_sh_6k,MEM0_S,1
factconsolidation_sh_6k_no92,factconsolidation_sh_6k,MEM0_S,1
factconsolidation_sh_6k_no89,factconsolidation_sh_6k,MEM0_S,1
factconsolidation_sh_6k_no94,factconsolidation_sh_6k,MEM0_S,1
factconsolidation_sh_6k_no96,factconsolidation_sh_6k,MEM0_S,1
factconsolidation_sh_6k_no95,factconsolidation_sh_6k,MEM0_S,1
factconsolidation_sh_6k_no97,factconsolidation_sh_6k,MEM0_S,1
factconsolidation_sh_6k_no99,factconsolidation_sh_6k,MEM0_S,1
factconsolidation_sh_6k_no98,factconsolidation_sh_6k,MEM0_S,1
factconsolidation_sh_32k_no1,factconsolidation_sh_32k,MEM0_S,1
factconsolidation_sh_32k_no2,factconsolidation_sh_32k,MEM0_S,1
factconsolidation_sh_32k_no3,factconsolidation_sh_32k,MEM0_S,1
factconsolidation_sh_32k_no0,factconsolidation_sh_32k,MEM0_S,1
factconsolidation_sh_32k_no4,factconsolidation_sh_32k,MEM0_S,1
factconsolidation_sh_32k_no5,factconsolidation_sh_32k,MEM0_S,1
factconsolidation_sh_32k_no6,factconsolidation_sh_32k,MEM0_S,1
factconsolidation_sh_32k_no7,factconsolidation_sh_32k,MEM0_S,1
factconsolidation_sh_32k_no9,factconsolidation_sh_32k,MEM0_S,0
factconsolidation_sh_32k_no10,factconsolidation_sh_32k,MEM0_S,1
factconsolidation_sh_32k_no8,factconsolidation_sh_32k,MEM0_S,0
factconsolidation_sh_32k_no11,factconsolidation_sh_32k,MEM0_S,1
factconsolidation_sh_32k_no12,factconsolidation_sh_32k,MEM0_S,1
factconsolidation_sh_32k_no13,factconsolidation_sh_32k,MEM0_S,1
factconsolidation_sh_32k_no15,factconsolidation_sh_32k,MEM0_S,1
factconsolidation_sh_32k_no14,factconsolidation_sh_32k,MEM0_S,1
factconsolidation_sh_32k_no16,factconsolidation_sh_32k,MEM0_S,1
factconsolidation_sh_32k_no17,factconsolidation_sh_32k,MEM0_S,1
factconsolidation_sh_32k_no18,factconsolidation_sh_32k,MEM0_S,1
factconsolidation_sh_32k_no19,factconsolidation_sh_32k,MEM0_S,1
factconsolidation_sh_32k_no20,factconsolidation_sh_32k,MEM0_S,1
factconsolidation_sh_32k_no21,factconsolidation_sh_32k,MEM0_S,1
factconsolidation_sh_32k_no22,factconsolidation_sh_32k,MEM0_S,1
factconsolidation_sh_32k_no24,factconsolidation_sh_32k,MEM0_S,1
factconsolidation_sh_32k_no23,factconsolidation_sh_32k,MEM0_S,1
factconsolidation_sh_32k_no25,factconsolidation_sh_32k,MEM0_S,1
factconsolidation_sh_32k_no26,factconsolidation_sh_32k,MEM0_S,1
factconsolidation_sh_32k_no27,factconsolidation_sh_32k,MEM0_S,1
factconsolidation_sh_32k_no29,factconsolidation_sh_32k,MEM0_S,1
factconsolidation_sh_32k_no28,factconsolidation_sh_32k,MEM0_S,1
factconsolidation_sh_32k_no30,factconsolidation_sh_32k,MEM0_S,1
factconsolidation_sh_32k_no31,factconsolidation_sh_32k,MEM0_S,1
factconsolidation_sh_32k_no32,factconsolidation_sh_32k,MEM0_S,1
factconsolidation_sh_32k_no33,factconsolidation_sh_32k,MEM0_S,1
factconsolidation_sh_32k_no35,factconsolidation_sh_32k,MEM0_S,1
factconsolidation_sh_32k_no34,factconsolidation_sh_32k,MEM0_S,1
factconsolidation_sh_32k_no36,factconsolidation_sh_32k,MEM0_S,1
factconsolidation_sh_32k_no37,factconsolidation_sh_32k,MEM0_S,1
factconsolidation_sh_32k_no38,factconsolidation_sh_32k,MEM0_S,1
factconsolidation_sh_32k_no39,factconsolidation_sh_32k,MEM0_S,1
factconsolidation_sh_32k_no40,factconsolidation_sh_32k,MEM0_S,1
factconsolidation_sh_32k_no41,factconsolidation_sh_32k,MEM0_S,1
factconsolidation_sh_32k_no42,factconsolidation_sh_32k,MEM0_S,1
factconsolidation_sh_32k_no44,factconsolidation_sh_32k,MEM0_S,1
factconsolidation_sh_32k_no43,factconsolidation_sh_32k,MEM0_S,1
factconsolidation_sh_32k_no45,factconsolidation_sh_32k,MEM0_S,1
factconsolidation_sh_32k_no47,factconsolidation_sh_32k,MEM0_S,1
factconsolidation_sh_32k_no46,factconsolidation_sh_32k,MEM0_S,1
factconsolidation_sh_32k_no48,factconsolidation_sh_32k,MEM0_S,1
factconsolidation_sh_32k_no49,factconsolidation_sh_32k,MEM0_S,1
factconsolidation_sh_32k_no50,factconsolidation_sh_32k,MEM0_S,1
factconsolidation_sh_32k_no51,factconsolidation_sh_32k,MEM0_S,1
factconsolidation_sh_32k_no52,factconsolidation_sh_32k,MEM0_S,1
factconsolidation_sh_32k_no53,factconsolidation_sh_32k,MEM0_S,1
factconsolidation_sh_32k_no54,factconsolidation_sh_32k,MEM0_S,1
factconsolidation_sh_32k_no55,factconsolidation_sh_32k,MEM0_S,1
factconsolidation_sh_32k_no56,factconsolidation_sh_32k,MEM0_S,1
factconsolidation_sh_32k_no58,factconsolidation_sh_32k,MEM0_S,1
factconsolidation_sh_32k_no60,factconsolidation_sh_32k,MEM0_S,1
factconsolidation_sh_32k_no57,factconsolidation_sh_32k,MEM0_S,1
factconsolidation_sh_32k_no59,factconsolidation_sh_32k,MEM0_S,1
factconsolidation_sh_32k_no61,factconsolidation_sh_32k,MEM0_S,1
factconsolidation_sh_32k_no62,factconsolidation_sh_32k,MEM0_S,1
factconsolidation_sh_32k_no63,factconsolidation_sh_32k,MEM0_S,1
factconsolidation_sh_32k_no66,factconsolidation_sh_32k,MEM0_S,1
factconsolidation_sh_32k_no65,factconsolidation_sh_32k,MEM0_S,1
factconsolidation_sh_32k_no67,factconsolidation_sh_32k,MEM0_S,1
factconsolidation_sh_32k_no68,factconsolidation_sh_32k,MEM0_S,1
factconsolidation_sh_32k_no64,factconsolidation_sh_32k,MEM0_S,1
factconsolidation_sh_32k_no69,factconsolidation_sh_32k,MEM0_S,1
factconsolidation_sh_32k_no70,factconsolidation_sh_32k,MEM0_S,1
factconsolidation_sh_32k_no71,factconsolidation_sh_32k,MEM0_S,1
factconsolidation_sh_32k_no72,factconsolidation_sh_32k,MEM0_S,1
factconsolidation_sh_32k_no74,factconsolidation_sh_32k,MEM0_S,1
factconsolidation_sh_32k_no73,factconsolidation_sh_32k,MEM0_S,1
factconsolidation_sh_32k_no75,factconsolidation_sh_32k,MEM0_S,1
factconsolidation_sh_32k_no76,factconsolidation_sh_32k,MEM0_S,1
factconsolidation_sh_32k_no77,factconsolidation_sh_32k,MEM0_S,1
factconsolidation_sh_32k_no79,factconsolidation_sh_32k,MEM0_S,1
factconsolidation_sh_32k_no78,factconsolidation_sh_32k,MEM0_S,1
factconsolidation_sh_32k_no80,factconsolidation_sh_32k,MEM0_S,1
factconsolidation_sh_32k_no81,factconsolidation_sh_32k,MEM0_S,1
factconsolidation_sh_32k_no82,factconsolidation_sh_32k,MEM0_S,1
factconsolidation_sh_32k_no84,factconsolidation_sh_32k,MEM0_S,1
factconsolidation_sh_32k_no83,factconsolidation_sh_32k,MEM0_S,1
factconsolidation_sh_32k_no85,factconsolidation_sh_32k,MEM0_S,1
factconsolidation_sh_32k_no87,factconsolidation_sh_32k,MEM0_S,1
factconsolidation_sh_32k_no86,factconsolidation_sh_32k,MEM0_S,1
factconsolidation_sh_32k_no88,factconsolidation_sh_32k,MEM0_S,1
factconsolidation_sh_32k_no89,factconsolidation_sh_32k,MEM0_S,1
factconsolidation_sh_32k_no91,factconsolidation_sh_32k,MEM0_S,1
factconsolidation_sh_32k_no90,factconsolidation_sh_32k,MEM0_S,1
factconsolidation_sh_32k_no92,factconsolidation_sh_32k,MEM0_S,1
factconsolidation_sh_32k_no93,factconsolidation_sh_32k,MEM0_S,1
factconsolidation_sh_32k_no94,factconsolidation_sh_32k,MEM0_S,1
factconsolidation_sh_32k_no95,factconsolidation_sh_32k,MEM0_S,1
factconsolidation_sh_32k_no96,factconsolidation_sh_32k,MEM0_S,1
factconsolidation_sh_32k_no97,factconsolidation_sh_32k,MEM0_S,1
factconsolidation_sh_32k_no98,factconsolidation_sh_32k,MEM0_S,1
factconsolidation_sh_32k_no99,factconsolidation_sh_32k,MEM0_S,1
factconsolidation_sh_6k_no0,factconsolidation_sh_6k,MEM0_T,1
factconsolidation_sh_6k_no2,factconsolidation_sh_6k,MEM0_T,1
factconsolidation_sh_6k_no1,factconsolidation_sh_6k,MEM0_T,1
factconsolidation_sh_6k_no3,factconsolidation_sh_6k,MEM0_T,1
factconsolidation_sh_6k_no4,factconsolidation_sh_6k,MEM0_T,1
factconsolidation_sh_6k_no5,factconsolidation_sh_6k,MEM0_T,1
factconsolidation_sh_6k_no6,factconsolidation_sh_6k,MEM0_T,1
factconsolidation_sh_6k_no7,factconsolidation_sh_6k,MEM0_T,0
factconsolidation_sh_6k_no8,factconsolidation_sh_6k,MEM0_T,1
factconsolidation_sh_6k_no9,factconsolidation_sh_6k,MEM0_T,1
factconsolidation_sh_6k_no10,factconsolidation_sh_6k,MEM0_T,1
factconsolidation_sh_6k_no11,factconsolidation_sh_6k,MEM0_T,1
factconsolidation_sh_6k_no15,factconsolidation_sh_6k,MEM0_T,1
factconsolidation_sh_6k_no14,factconsolidation_sh_6k,MEM0_T,1
factconsolidation_sh_6k_no16,factconsolidation_sh_6k,MEM0_T,1
factconsolidation_sh_6k_no18,factconsolidation_sh_6k,MEM0_T,1
factconsolidation_sh_6k_no17,factconsolidation_sh_6k,MEM0_T,1
factconsolidation_sh_6k_no13,factconsolidation_sh_6k,MEM0_T,1
factconsolidation_sh_6k_no19,factconsolidation_sh_6k,MEM0_T,1
factconsolidation_sh_6k_no20,factconsolidation_sh_6k,MEM0_T,1
factconsolidation_sh_6k_no21,factconsolidation_sh_6k,MEM0_T,1
factconsolidation_sh_6k_no22,factconsolidation_sh_6k,MEM0_T,1
factconsolidation_sh_6k_no24,factconsolidation_sh_6k,MEM0_T,1
factconsolidation_sh_6k_no23,factconsolidation_sh_6k,MEM0_T,1
factconsolidation_sh_6k_no25,factconsolidation_sh_6k,MEM0_T,1
factconsolidation_sh_6k_no27,factconsolidation_sh_6k,MEM0_T,1
factconsolidation_sh_6k_no26,factconsolidation_sh_6k,MEM0_T,1
factconsolidation_sh_6k_no12,factconsolidation_sh_6k,MEM0_T,1
factconsolidation_sh_6k_no30,factconsolidation_sh_6k,MEM0_T,1
factconsolidation_sh_6k_no29,factconsolidation_sh_6k,MEM0_T,1
factconsolidation_sh_6k_no31,factconsolidation_sh_6k,MEM0_T,1
factconsolidation_sh_6k_no32,factconsolidation_sh_6k,MEM0_T,1
factconsolidation_sh_6k_no33,factconsolidation_sh_6k,MEM0_T,1
factconsolidation_sh_6k_no35,factconsolidation_sh_6k,MEM0_T,1
factconsolidation_sh_6k_no28,factconsolidation_sh_6k,MEM0_T,1
factconsolidation_sh_6k_no36,factconsolidation_sh_6k,MEM0_T,1
factconsolidation_sh_6k_no37,factconsolidation_sh_6k,MEM0_T,1
factconsolidation_sh_6k_no39,factconsolidation_sh_6k,MEM0_T,1
factconsolidation_sh_6k_no40,factconsolidation_sh_6k,MEM0_T,1
factconsolidation_sh_6k_no41,factconsolidation_sh_6k,MEM0_T,1
factconsolidation_sh_6k_no34,factconsolidation_sh_6k,MEM0_T,1
factconsolidation_sh_6k_no42,factconsolidation_sh_6k,MEM0_T,1
factconsolidation_sh_6k_no44,factconsolidation_sh_6k,MEM0_T,1
factconsolidation_sh_6k_no43,factconsolidation_sh_6k,MEM0_T,1
factconsolidation_sh_6k_no45,factconsolidation_sh_6k,MEM0_T,1
factconsolidation_sh_6k_no46,factconsolidation_sh_6k,MEM0_T,1
factconsolidation_sh_6k_no47,factconsolidation_sh_6k,MEM0_T,1
factconsolidation_sh_6k_no48,factconsolidation_sh_6k,MEM0_T,1
factconsolidation_sh_6k_no49,factconsolidation_sh_6k,MEM0_T,1
factconsolidation_sh_6k_no50,factconsolidation_sh_6k,MEM0_T,1
factconsolidation_sh_6k_no51,factconsolidation_sh_6k,MEM0_T,1
factconsolidation_sh_6k_no52,factconsolidation_sh_6k,MEM0_T,1
factconsolidation_sh_6k_no54,factconsolidation_sh_6k,MEM0_T,1
factconsolidation_sh_6k_no53,factconsolidation_sh_6k,MEM0_T,1
factconsolidation_sh_6k_no55,factconsolidation_sh_6k,MEM0_T,1
factconsolidation_sh_6k_no56,factconsolidation_sh_6k,MEM0_T,1
factconsolidation_sh_6k_no58,factconsolidation_sh_6k,MEM0_T,1
factconsolidation_sh_6k_no59,factconsolidation_sh_6k,MEM0_T,1
factconsolidation_sh_6k_no61,factconsolidation_sh_6k,MEM0_T,1
factconsolidation_sh_6k_no60,factconsolidation_sh_6k,MEM0_T,1
factconsolidation_sh_6k_no62,factconsolidation_sh_6k,MEM0_T,1
factconsolidation_sh_6k_no63,factconsolidation_sh_6k,MEM0_T,1
factconsolidation_sh_6k_no57,factconsolidation_sh_6k,MEM0_T,1
factconsolidation_sh_6k_no64,factconsolidation_sh_6k,MEM0_T,1
factconsolidation_sh_6k_no65,factconsolidation_sh_6k,MEM0_T,1
factconsolidation_sh_6k_no66,factconsolidation_sh_6k,MEM0_T,1
factconsolidation_sh_6k_no67,factconsolidation_sh_6k,MEM0_T,1
factconsolidation_sh_6k_no69,factconsolidation_sh_6k,MEM0_T,1
factconsolidation_sh_6k_no68,factconsolidation_sh_6k,MEM0_T,1
factconsolidation_sh_6k_no70,factconsolidation_sh_6k,MEM0_T,1
factconsolidation_sh_6k_no71,factconsolidation_sh_6k,MEM0_T,1
factconsolidation_sh_6k_no74,factconsolidation_sh_6k,MEM0_T,1
factconsolidation_sh_6k_no72,factconsolidation_sh_6k,MEM0_T,1
factconsolidation_sh_6k_no73,factconsolidation_sh_6k,MEM0_T,1
factconsolidation_sh_6k_no75,factconsolidation_sh_6k,MEM0_T,1
factconsolidation_sh_6k_no76,factconsolidation_sh_6k,MEM0_T,1
factconsolidation_sh_6k_no77,factconsolidation_sh_6k,MEM0_T,1
factconsolidation_sh_6k_no78,factconsolidation_sh_6k,MEM0_T,1
factconsolidation_sh_6k_no79,factconsolidation_sh_6k,MEM0_T,1
factconsolidation_sh_6k_no82,factconsolidation_sh_6k,MEM0_T,1
factconsolidation_sh_6k_no80,factconsolidation_sh_6k,MEM0_T,1
factconsolidation_sh_6k_no81,factconsolidation_sh_6k,MEM0_T,1
factconsolidation_sh_6k_no84,factconsolidation_sh_6k,MEM0_T,1
factconsolidation_sh_6k_no85,factconsolidation_sh_6k,MEM0_T,1
factconsolidation_sh_6k_no83,factconsolidation_sh_6k,MEM0_T,1
factconsolidation_sh_6k_no86,factconsolidation_sh_6k,MEM0_T,1
factconsolidation_sh_6k_no87,factconsolidation_sh_6k,MEM0_T,1
factconsolidation_sh_6k_no88,factconsolidation_sh_6k,MEM0_T,1
factconsolidation_sh_6k_no89,factconsolidation_sh_6k,MEM0_T,1
factconsolidation_sh_6k_no90,factconsolidation_sh_6k,MEM0_T,1
factconsolidation_sh_6k_no93,factconsolidation_sh_6k,MEM0_T,1
factconsolidation_sh_6k_no92,factconsolidation_sh_6k,MEM0_T,1
factconsolidation_sh_6k_no91,factconsolidation_sh_6k,MEM0_T,1
factconsolidation_sh_6k_no95,factconsolidation_sh_6k,MEM0_T,1
factconsolidation_sh_6k_no94,factconsolidation_sh_6k,MEM0_T,1
factconsolidation_sh_6k_no96,factconsolidation_sh_6k,MEM0_T,1
factconsolidation_sh_6k_no97,factconsolidation_sh_6k,MEM0_T,1
factconsolidation_sh_6k_no98,factconsolidation_sh_6k,MEM0_T,1
factconsolidation_sh_6k_no99,factconsolidation_sh_6k,MEM0_T,1
factconsolidation_sh_6k_no38,factconsolidation_sh_6k,MEM0_T,1
factconsolidation_sh_32k_no0,factconsolidation_sh_32k,MEM0_T,1
factconsolidation_sh_32k_no1,factconsolidation_sh_32k,MEM0_T,1
factconsolidation_sh_32k_no3,factconsolidation_sh_32k,MEM0_T,1
factconsolidation_sh_32k_no2,factconsolidation_sh_32k,MEM0_T,1
factconsolidation_sh_32k_no4,factconsolidation_sh_32k,MEM0_T,1
factconsolidation_sh_32k_no5,factconsolidation_sh_32k,MEM0_T,1
factconsolidation_sh_32k_no6,factconsolidation_sh_32k,MEM0_T,1
factconsolidation_sh_32k_no8,factconsolidation_sh_32k,MEM0_T,0
factconsolidation_sh_32k_no7,factconsolidation_sh_32k,MEM0_T,1
factconsolidation_sh_32k_no9,factconsolidation_sh_32k,MEM0_T,0
factconsolidation_sh_32k_no10,factconsolidation_sh_32k,MEM0_T,1
factconsolidation_sh_32k_no11,factconsolidation_sh_32k,MEM0_T,1
factconsolidation_sh_32k_no12,factconsolidation_sh_32k,MEM0_T,1
factconsolidation_sh_32k_no13,factconsolidation_sh_32k,MEM0_T,1
factconsolidation_sh_32k_no14,factconsolidation_sh_32k,MEM0_T,1
factconsolidation_sh_32k_no15,factconsolidation_sh_32k,MEM0_T,1
factconsolidation_sh_32k_no16,factconsolidation_sh_32k,MEM0_T,1
factconsolidation_sh_32k_no17,factconsolidation_sh_32k,MEM0_T,1
factconsolidation_sh_32k_no19,factconsolidation_sh_32k,MEM0_T,1
factconsolidation_sh_32k_no18,factconsolidation_sh_32k,MEM0_T,1
factconsolidation_sh_32k_no20,factconsolidation_sh_32k,MEM0_T,1
factconsolidation_sh_32k_no21,factconsolidation_sh_32k,MEM0_T,1
factconsolidation_sh_32k_no22,factconsolidation_sh_32k,MEM0_T,1
factconsolidation_sh_32k_no24,factconsolidation_sh_32k,MEM0_T,1
factconsolidation_sh_32k_no26,factconsolidation_sh_32k,MEM0_T,1
factconsolidation_sh_32k_no25,factconsolidation_sh_32k,MEM0_T,1
factconsolidation_sh_32k_no23,factconsolidation_sh_32k,MEM0_T,1
factconsolidation_sh_32k_no27,factconsolidation_sh_32k,MEM0_T,1
factconsolidation_sh_32k_no28,factconsolidation_sh_32k,MEM0_T,1
factconsolidation_sh_32k_no30,factconsolidation_sh_32k,MEM0_T,1
factconsolidation_sh_32k_no31,factconsolidation_sh_32k,MEM0_T,1
factconsolidation_sh_32k_no29,factconsolidation_sh_32k,MEM0_T,1
factconsolidation_sh_32k_no33,factconsolidation_sh_32k,MEM0_T,1
factconsolidation_sh_32k_no32,factconsolidation_sh_32k,MEM0_T,1
factconsolidation_sh_32k_no35,factconsolidation_sh_32k,MEM0_T,1
factconsolidation_sh_32k_no34,factconsolidation_sh_32k,MEM0_T,1
factconsolidation_sh_32k_no36,factconsolidation_sh_32k,MEM0_T,1
factconsolidation_sh_32k_no38,factconsolidation_sh_32k,MEM0_T,1
factconsolidation_sh_32k_no37,factconsolidation_sh_32k,MEM0_T,1
factconsolidation_sh_32k_no40,factconsolidation_sh_32k,MEM0_T,1
factconsolidation_sh_32k_no39,factconsolidation_sh_32k,MEM0_T,1
factconsolidation_sh_32k_no41,factconsolidation_sh_32k,MEM0_T,1
factconsolidation_sh_32k_no43,factconsolidation_sh_32k,MEM0_T,1
factconsolidation_sh_32k_no42,factconsolidation_sh_32k,MEM0_T,1
factconsolidation_sh_32k_no44,factconsolidation_sh_32k,MEM0_T,1
factconsolidation_sh_32k_no45,factconsolidation_sh_32k,MEM0_T,1
factconsolidation_sh_32k_no47,factconsolidation_sh_32k,MEM0_T,1
factconsolidation_sh_32k_no46,factconsolidation_sh_32k,MEM0_T,1
factconsolidation_sh_32k_no48,factconsolidation_sh_32k,MEM0_T,1
factconsolidation_sh_32k_no50,factconsolidation_sh_32k,MEM0_T,1
factconsolidation_sh_32k_no49,factconsolidation_sh_32k,MEM0_T,1
factconsolidation_sh_32k_no52,factconsolidation_sh_32k,MEM0_T,1
factconsolidation_sh_32k_no53,factconsolidation_sh_32k,MEM0_T,1
factconsolidation_sh_32k_no51,factconsolidation_sh_32k,MEM0_T,1
factconsolidation_sh_32k_no54,factconsolidation_sh_32k,MEM0_T,1
factconsolidation_sh_32k_no55,factconsolidation_sh_32k,MEM0_T,1
factconsolidation_sh_32k_no56,factconsolidation_sh_32k,MEM0_T,1
factconsolidation_sh_32k_no57,factconsolidation_sh_32k,MEM0_T,1
factconsolidation_sh_32k_no58,factconsolidation_sh_32k,MEM0_T,1
factconsolidation_sh_32k_no60,factconsolidation_sh_32k,MEM0_T,1
factconsolidation_sh_32k_no61,factconsolidation_sh_32k,MEM0_T,1
factconsolidation_sh_32k_no59,factconsolidation_sh_32k,MEM0_T,1
factconsolidation_sh_32k_no62,factconsolidation_sh_32k,MEM0_T,1
factconsolidation_sh_32k_no63,factconsolidation_sh_32k,MEM0_T,1
factconsolidation_sh_32k_no64,factconsolidation_sh_32k,MEM0_T,1
factconsolidation_sh_32k_no65,factconsolidation_sh_32k,MEM0_T,1
factconsolidation_sh_32k_no66,factconsolidation_sh_32k,MEM0_T,1
factconsolidation_sh_32k_no67,factconsolidation_sh_32k,MEM0_T,1
factconsolidation_sh_32k_no69,factconsolidation_sh_32k,MEM0_T,1
factconsolidation_sh_32k_no68,factconsolidation_sh_32k,MEM0_T,1
factconsolidation_sh_32k_no70,factconsolidation_sh_32k,MEM0_T,1
factconsolidation_sh_32k_no72,factconsolidation_sh_32k,MEM0_T,1
factconsolidation_sh_32k_no71,factconsolidation_sh_32k,MEM0_T,1
factconsolidation_sh_32k_no73,factconsolidation_sh_32k,MEM0_T,1
factconsolidation_sh_32k_no75,factconsolidation_sh_32k,MEM0_T,1
factconsolidation_sh_32k_no74,factconsolidation_sh_32k,MEM0_T,1
factconsolidation_sh_32k_no76,factconsolidation_sh_32k,MEM0_T,1
factconsolidation_sh_32k_no77,factconsolidation_sh_32k,MEM0_T,1
factconsolidation_sh_32k_no78,factconsolidation_sh_32k,MEM0_T,1
factconsolidation_sh_32k_no79,factconsolidation_sh_32k,MEM0_T,1
factconsolidation_sh_32k_no80,factconsolidation_sh_32k,MEM0_T,1
factconsolidation_sh_32k_no81,factconsolidation_sh_32k,MEM0_T,1
factconsolidation_sh_32k_no83,factconsolidation_sh_32k,MEM0_T,1
factconsolidation_sh_32k_no82,factconsolidation_sh_32k,MEM0_T,1
factconsolidation_sh_32k_no84,factconsolidation_sh_32k,MEM0_T,1
factconsolidation_sh_32k_no85,factconsolidation_sh_32k,MEM0_T,1
factconsolidation_sh_32k_no86,factconsolidation_sh_32k,MEM0_T,1
factconsolidation_sh_32k_no89,factconsolidation_sh_32k,MEM0_T,1
factconsolidation_sh_32k_no88,factconsolidation_sh_32k,MEM0_T,1
factconsolidation_sh_32k_no87,factconsolidation_sh_32k,MEM0_T,1
factconsolidation_sh_32k_no90,factconsolidation_sh_32k,MEM0_T,1
factconsolidation_sh_32k_no91,factconsolidation_sh_32k,MEM0_T,1
factconsolidation_sh_32k_no92,factconsolidation_sh_32k,MEM0_T,1
factconsolidation_sh_32k_no94,factconsolidation_sh_32k,MEM0_T,1
factconsolidation_sh_32k_no93,factconsolidation_sh_32k,MEM0_T,1
factconsolidation_sh_32k_no96,factconsolidation_sh_32k,MEM0_T,1
factconsolidation_sh_32k_no95,factconsolidation_sh_32k,MEM0_T,1
factconsolidation_sh_32k_no97,factconsolidation_sh_32k,MEM0_T,1
factconsolidation_sh_32k_no98,factconsolidation_sh_32k,MEM0_T,1
factconsolidation_sh_32k_no99,factconsolidation_sh_32k,MEM0_T,1
factconsolidation_sh_6k_no1,factconsolidation_sh_6k,MEM0_r2,1
factconsolidation_sh_6k_no3,factconsolidation_sh_6k,MEM0_r2,1
factconsolidation_sh_6k_no0,factconsolidation_sh_6k,MEM0_r2,1
factconsolidation_sh_6k_no2,factconsolidation_sh_6k,MEM0_r2,1
factconsolidation_sh_6k_no4,factconsolidation_sh_6k,MEM0_r2,1
factconsolidation_sh_6k_no5,factconsolidation_sh_6k,MEM0_r2,1
factconsolidation_sh_6k_no6,factconsolidation_sh_6k,MEM0_r2,1
factconsolidation_sh_6k_no7,factconsolidation_sh_6k,MEM0_r2,0
factconsolidation_sh_6k_no8,factconsolidation_sh_6k,MEM0_r2,1
factconsolidation_sh_6k_no11,factconsolidation_sh_6k,MEM0_r2,1
factconsolidation_sh_6k_no10,factconsolidation_sh_6k,MEM0_r2,1
factconsolidation_sh_6k_no9,factconsolidation_sh_6k,MEM0_r2,1
factconsolidation_sh_6k_no12,factconsolidation_sh_6k,MEM0_r2,1
factconsolidation_sh_6k_no13,factconsolidation_sh_6k,MEM0_r2,1
factconsolidation_sh_6k_no14,factconsolidation_sh_6k,MEM0_r2,1
factconsolidation_sh_6k_no15,factconsolidation_sh_6k,MEM0_r2,1
factconsolidation_sh_6k_no17,factconsolidation_sh_6k,MEM0_r2,1
factconsolidation_sh_6k_no16,factconsolidation_sh_6k,MEM0_r2,1
factconsolidation_sh_6k_no18,factconsolidation_sh_6k,MEM0_r2,1
factconsolidation_sh_6k_no20,factconsolidation_sh_6k,MEM0_r2,0
factconsolidation_sh_6k_no19,factconsolidation_sh_6k,MEM0_r2,1
factconsolidation_sh_6k_no22,factconsolidation_sh_6k,MEM0_r2,1
factconsolidation_sh_6k_no21,factconsolidation_sh_6k,MEM0_r2,1
factconsolidation_sh_6k_no25,factconsolidation_sh_6k,MEM0_r2,1
factconsolidation_sh_6k_no24,factconsolidation_sh_6k,MEM0_r2,1
factconsolidation_sh_6k_no26,factconsolidation_sh_6k,MEM0_r2,1
factconsolidation_sh_6k_no23,factconsolidation_sh_6k,MEM0_r2,1
factconsolidation_sh_6k_no27,factconsolidation_sh_6k,MEM0_r2,1
factconsolidation_sh_6k_no28,factconsolidation_sh_6k,MEM0_r2,1
factconsolidation_sh_6k_no30,factconsolidation_sh_6k,MEM0_r2,1
factconsolidation_sh_6k_no31,factconsolidation_sh_6k,MEM0_r2,1
factconsolidation_sh_6k_no29,factconsolidation_sh_6k,MEM0_r2,1
factconsolidation_sh_6k_no32,factconsolidation_sh_6k,MEM0_r2,1
factconsolidation_sh_6k_no34,factconsolidation_sh_6k,MEM0_r2,1
factconsolidation_sh_6k_no33,factconsolidation_sh_6k,MEM0_r2,1
factconsolidation_sh_6k_no35,factconsolidation_sh_6k,MEM0_r2,1
factconsolidation_sh_6k_no36,factconsolidation_sh_6k,MEM0_r2,0
factconsolidation_sh_6k_no37,factconsolidation_sh_6k,MEM0_r2,1
factconsolidation_sh_6k_no38,factconsolidation_sh_6k,MEM0_r2,1
factconsolidation_sh_6k_no39,factconsolidation_sh_6k,MEM0_r2,1
factconsolidation_sh_6k_no40,factconsolidation_sh_6k,MEM0_r2,1
factconsolidation_sh_6k_no41,factconsolidation_sh_6k,MEM0_r2,1
factconsolidation_sh_6k_no42,factconsolidation_sh_6k,MEM0_r2,1
factconsolidation_sh_6k_no43,factconsolidation_sh_6k,MEM0_r2,1
factconsolidation_sh_6k_no44,factconsolidation_sh_6k,MEM0_r2,1
factconsolidation_sh_6k_no46,factconsolidation_sh_6k,MEM0_r2,1
factconsolidation_sh_6k_no45,factconsolidation_sh_6k,MEM0_r2,1
factconsolidation_sh_6k_no47,factconsolidation_sh_6k,MEM0_r2,1
factconsolidation_sh_6k_no49,factconsolidation_sh_6k,MEM0_r2,1
factconsolidation_sh_6k_no50,factconsolidation_sh_6k,MEM0_r2,1
factconsolidation_sh_6k_no48,factconsolidation_sh_6k,MEM0_r2,1
factconsolidation_sh_6k_no51,factconsolidation_sh_6k,MEM0_r2,1
factconsolidation_sh_6k_no53,factconsolidation_sh_6k,MEM0_r2,1
factconsolidation_sh_6k_no52,factconsolidation_sh_6k,MEM0_r2,1
factconsolidation_sh_6k_no55,factconsolidation_sh_6k,MEM0_r2,1
factconsolidation_sh_6k_no54,factconsolidation_sh_6k,MEM0_r2,1
factconsolidation_sh_6k_no57,factconsolidation_sh_6k,MEM0_r2,1
factconsolidation_sh_6k_no56,factconsolidation_sh_6k,MEM0_r2,0
factconsolidation_sh_6k_no58,factconsolidation_sh_6k,MEM0_r2,1
factconsolidation_sh_6k_no59,factconsolidation_sh_6k,MEM0_r2,0
factconsolidation_sh_6k_no61,factconsolidation_sh_6k,MEM0_r2,0
factconsolidation_sh_6k_no60,factconsolidation_sh_6k,MEM0_r2,1
factconsolidation_sh_6k_no62,factconsolidation_sh_6k,MEM0_r2,1
factconsolidation_sh_6k_no64,factconsolidation_sh_6k,MEM0_r2,1
factconsolidation_sh_6k_no63,factconsolidation_sh_6k,MEM0_r2,1
factconsolidation_sh_6k_no66,factconsolidation_sh_6k,MEM0_r2,0
factconsolidation_sh_6k_no65,factconsolidation_sh_6k,MEM0_r2,1
factconsolidation_sh_6k_no67,factconsolidation_sh_6k,MEM0_r2,0
factconsolidation_sh_6k_no68,factconsolidation_sh_6k,MEM0_r2,1
factconsolidation_sh_6k_no69,factconsolidation_sh_6k,MEM0_r2,1
factconsolidation_sh_6k_no70,factconsolidation_sh_6k,MEM0_r2,0
factconsolidation_sh_6k_no71,factconsolidation_sh_6k,MEM0_r2,1
factconsolidation_sh_6k_no72,factconsolidation_sh_6k,MEM0_r2,1
factconsolidation_sh_6k_no73,factconsolidation_sh_6k,MEM0_r2,1
factconsolidation_sh_6k_no74,factconsolidation_sh_6k,MEM0_r2,1
factconsolidation_sh_6k_no75,factconsolidation_sh_6k,MEM0_r2,1
factconsolidation_sh_6k_no77,factconsolidation_sh_6k,MEM0_r2,1
factconsolidation_sh_6k_no76,factconsolidation_sh_6k,MEM0_r2,1
factconsolidation_sh_6k_no78,factconsolidation_sh_6k,MEM0_r2,1
factconsolidation_sh_6k_no79,factconsolidation_sh_6k,MEM0_r2,1
factconsolidation_sh_6k_no81,factconsolidation_sh_6k,MEM0_r2,1
factconsolidation_sh_6k_no82,factconsolidation_sh_6k,MEM0_r2,1
factconsolidation_sh_6k_no80,factconsolidation_sh_6k,MEM0_r2,1
factconsolidation_sh_6k_no83,factconsolidation_sh_6k,MEM0_r2,1
factconsolidation_sh_6k_no84,factconsolidation_sh_6k,MEM0_r2,1
factconsolidation_sh_6k_no86,factconsolidation_sh_6k,MEM0_r2,1
factconsolidation_sh_6k_no88,factconsolidation_sh_6k,MEM0_r2,1
factconsolidation_sh_6k_no89,factconsolidation_sh_6k,MEM0_r2,1
factconsolidation_sh_6k_no87,factconsolidation_sh_6k,MEM0_r2,1
factconsolidation_sh_6k_no85,factconsolidation_sh_6k,MEM0_r2,1
factconsolidation_sh_6k_no90,factconsolidation_sh_6k,MEM0_r2,1
factconsolidation_sh_6k_no92,factconsolidation_sh_6k,MEM0_r2,1
factconsolidation_sh_6k_no91,factconsolidation_sh_6k,MEM0_r2,1
factconsolidation_sh_6k_no94,factconsolidation_sh_6k,MEM0_r2,1
factconsolidation_sh_6k_no93,factconsolidation_sh_6k,MEM0_r2,1
factconsolidation_sh_6k_no95,factconsolidation_sh_6k,MEM0_r2,1
factconsolidation_sh_6k_no96,factconsolidation_sh_6k,MEM0_r2,1
factconsolidation_sh_6k_no97,factconsolidation_sh_6k,MEM0_r2,1
factconsolidation_sh_6k_no99,factconsolidation_sh_6k,MEM0_r2,1
factconsolidation_sh_6k_no98,factconsolidation_sh_6k,MEM0_r2,1
factconsolidation_sh_32k_no1,factconsolidation_sh_32k,MEM0_r2,0
factconsolidation_sh_32k_no0,factconsolidation_sh_32k,MEM0_r2,1
factconsolidation_sh_32k_no3,factconsolidation_sh_32k,MEM0_r2,1
factconsolidation_sh_32k_no4,factconsolidation_sh_32k,MEM0_r2,1
factconsolidation_sh_32k_no2,factconsolidation_sh_32k,MEM0_r2,1
factconsolidation_sh_32k_no6,factconsolidation_sh_32k,MEM0_r2,1
factconsolidation_sh_32k_no5,factconsolidation_sh_32k,MEM0_r2,1
factconsolidation_sh_32k_no7,factconsolidation_sh_32k,MEM0_r2,1
factconsolidation_sh_32k_no8,factconsolidation_sh_32k,MEM0_r2,0
factconsolidation_sh_32k_no10,factconsolidation_sh_32k,MEM0_r2,1
factconsolidation_sh_32k_no11,factconsolidation_sh_32k,MEM0_r2,1
factconsolidation_sh_32k_no9,factconsolidation_sh_32k,MEM0_r2,0
factconsolidation_sh_32k_no12,factconsolidation_sh_32k,MEM0_r2,1
factconsolidation_sh_32k_no13,factconsolidation_sh_32k,MEM0_r2,1
factconsolidation_sh_32k_no14,factconsolidation_sh_32k,MEM0_r2,1
factconsolidation_sh_32k_no15,factconsolidation_sh_32k,MEM0_r2,1
factconsolidation_sh_32k_no17,factconsolidation_sh_32k,MEM0_r2,1
factconsolidation_sh_32k_no18,factconsolidation_sh_32k,MEM0_r2,1
factconsolidation_sh_32k_no16,factconsolidation_sh_32k,MEM0_r2,1
factconsolidation_sh_32k_no19,factconsolidation_sh_32k,MEM0_r2,1
factconsolidation_sh_32k_no20,factconsolidation_sh_32k,MEM0_r2,1
factconsolidation_sh_32k_no22,factconsolidation_sh_32k,MEM0_r2,1
factconsolidation_sh_32k_no21,factconsolidation_sh_32k,MEM0_r2,1
factconsolidation_sh_32k_no24,factconsolidation_sh_32k,MEM0_r2,1
factconsolidation_sh_32k_no23,factconsolidation_sh_32k,MEM0_r2,0
factconsolidation_sh_32k_no26,factconsolidation_sh_32k,MEM0_r2,1
factconsolidation_sh_32k_no25,factconsolidation_sh_32k,MEM0_r2,1
factconsolidation_sh_32k_no28,factconsolidation_sh_32k,MEM0_r2,1
factconsolidation_sh_32k_no27,factconsolidation_sh_32k,MEM0_r2,1
factconsolidation_sh_32k_no29,factconsolidation_sh_32k,MEM0_r2,1
factconsolidation_sh_32k_no30,factconsolidation_sh_32k,MEM0_r2,1
factconsolidation_sh_32k_no31,factconsolidation_sh_32k,MEM0_r2,1
factconsolidation_sh_32k_no32,factconsolidation_sh_32k,MEM0_r2,0
factconsolidation_sh_32k_no33,factconsolidation_sh_32k,MEM0_r2,1
factconsolidation_sh_32k_no35,factconsolidation_sh_32k,MEM0_r2,1
factconsolidation_sh_32k_no34,factconsolidation_sh_32k,MEM0_r2,1
factconsolidation_sh_32k_no36,factconsolidation_sh_32k,MEM0_r2,1
factconsolidation_sh_32k_no37,factconsolidation_sh_32k,MEM0_r2,1
factconsolidation_sh_32k_no38,factconsolidation_sh_32k,MEM0_r2,1
factconsolidation_sh_32k_no40,factconsolidation_sh_32k,MEM0_r2,1
factconsolidation_sh_32k_no39,factconsolidation_sh_32k,MEM0_r2,1
factconsolidation_sh_32k_no41,factconsolidation_sh_32k,MEM0_r2,1
factconsolidation_sh_32k_no42,factconsolidation_sh_32k,MEM0_r2,1
factconsolidation_sh_32k_no44,factconsolidation_sh_32k,MEM0_r2,1
factconsolidation_sh_32k_no43,factconsolidation_sh_32k,MEM0_r2,1
factconsolidation_sh_32k_no45,factconsolidation_sh_32k,MEM0_r2,1
factconsolidation_sh_32k_no46,factconsolidation_sh_32k,MEM0_r2,1
factconsolidation_sh_32k_no47,factconsolidation_sh_32k,MEM0_r2,1
factconsolidation_sh_32k_no48,factconsolidation_sh_32k,MEM0_r2,1
factconsolidation_sh_32k_no50,factconsolidation_sh_32k,MEM0_r2,0
factconsolidation_sh_32k_no52,factconsolidation_sh_32k,MEM0_r2,0
factconsolidation_sh_32k_no53,factconsolidation_sh_32k,MEM0_r2,0
factconsolidation_sh_32k_no51,factconsolidation_sh_32k,MEM0_r2,1
factconsolidation_sh_32k_no49,factconsolidation_sh_32k,MEM0_r2,1
factconsolidation_sh_32k_no54,factconsolidation_sh_32k,MEM0_r2,1
factconsolidation_sh_32k_no55,factconsolidation_sh_32k,MEM0_r2,1
factconsolidation_sh_32k_no56,factconsolidation_sh_32k,MEM0_r2,1
factconsolidation_sh_32k_no58,factconsolidation_sh_32k,MEM0_r2,1
factconsolidation_sh_32k_no59,factconsolidation_sh_32k,MEM0_r2,1
factconsolidation_sh_32k_no60,factconsolidation_sh_32k,MEM0_r2,0
factconsolidation_sh_32k_no57,factconsolidation_sh_32k,MEM0_r2,1
factconsolidation_sh_32k_no61,factconsolidation_sh_32k,MEM0_r2,1
factconsolidation_sh_32k_no62,factconsolidation_sh_32k,MEM0_r2,1
factconsolidation_sh_32k_no64,factconsolidation_sh_32k,MEM0_r2,1
factconsolidation_sh_32k_no63,factconsolidation_sh_32k,MEM0_r2,1
factconsolidation_sh_32k_no67,factconsolidation_sh_32k,MEM0_r2,1
factconsolidation_sh_32k_no65,factconsolidation_sh_32k,MEM0_r2,1
factconsolidation_sh_32k_no66,factconsolidation_sh_32k,MEM0_r2,1
factconsolidation_sh_32k_no68,factconsolidation_sh_32k,MEM0_r2,1
factconsolidation_sh_32k_no71,factconsolidation_sh_32k,MEM0_r2,1
factconsolidation_sh_32k_no69,factconsolidation_sh_32k,MEM0_r2,1
factconsolidation_sh_32k_no70,factconsolidation_sh_32k,MEM0_r2,1
factconsolidation_sh_32k_no72,factconsolidation_sh_32k,MEM0_r2,1
factconsolidation_sh_32k_no73,factconsolidation_sh_32k,MEM0_r2,1
factconsolidation_sh_32k_no74,factconsolidation_sh_32k,MEM0_r2,1
factconsolidation_sh_32k_no75,factconsolidation_sh_32k,MEM0_r2,1
factconsolidation_sh_32k_no77,factconsolidation_sh_32k,MEM0_r2,1
factconsolidation_sh_32k_no78,factconsolidation_sh_32k,MEM0_r2,1
factconsolidation_sh_32k_no76,factconsolidation_sh_32k,MEM0_r2,1
factconsolidation_sh_32k_no79,factconsolidation_sh_32k,MEM0_r2,1
factconsolidation_sh_32k_no80,factconsolidation_sh_32k,MEM0_r2,1
factconsolidation_sh_32k_no81,factconsolidation_sh_32k,MEM0_r2,0
factconsolidation_sh_32k_no82,factconsolidation_sh_32k,MEM0_r2,1
factconsolidation_sh_32k_no85,factconsolidation_sh_32k,MEM0_r2,1
factconsolidation_sh_32k_no83,factconsolidation_sh_32k,MEM0_r2,1
factconsolidation_sh_32k_no84,factconsolidation_sh_32k,MEM0_r2,1
factconsolidation_sh_32k_no86,factconsolidation_sh_32k,MEM0_r2,1
factconsolidation_sh_32k_no88,factconsolidation_sh_32k,MEM0_r2,0
factconsolidation_sh_32k_no89,factconsolidation_sh_32k,MEM0_r2,0
factconsolidation_sh_32k_no87,factconsolidation_sh_32k,MEM0_r2,0
factconsolidation_sh_32k_no90,factconsolidation_sh_32k,MEM0_r2,1
factconsolidation_sh_32k_no91,factconsolidation_sh_32k,MEM0_r2,1
factconsolidation_sh_32k_no93,factconsolidation_sh_32k,MEM0_r2,1
factconsolidation_sh_32k_no92,factconsolidation_sh_32k,MEM0_r2,1
factconsolidation_sh_32k_no94,factconsolidation_sh_32k,MEM0_r2,1
factconsolidation_sh_32k_no96,factconsolidation_sh_32k,MEM0_r2,1
factconsolidation_sh_32k_no95,factconsolidation_sh_32k,MEM0_r2,1
factconsolidation_sh_32k_no97,factconsolidation_sh_32k,MEM0_r2,1
factconsolidation_sh_32k_no98,factconsolidation_sh_32k,MEM0_r2,0
factconsolidation_sh_32k_no99,factconsolidation_sh_32k,MEM0_r2,0
