condition,write_time_dates,answer_order,dates_shown,correct,n,accuracy,old_value_or_change_correct_of_11,current_value_correct_of_65,mean_input_tokens,median_reasoning_tokens,median_latency_s
M0,no,relevance,no,54,76,0.711,9,45,942,604,3.5
Mnd,yes,relevance,no,59,76,0.776,7,52,1044,164,1.3
Mord,yes,chronological,no,68,76,0.895,10,58,931,172,1.5
M,yes,chronological,yes,68,76,0.895,11,57,1044,164,1.3
M_r2,yes,chronological,yes,70,76,0.921,11,59,1044,164,1.3
M_r3,yes,chronological,yes,69,76,0.908,11,58,1044,164,1.3
F,n/a: full history,,,68,76,0.895,11,57,105456,308,7.9
R,n/a: BM25 top-5 sessions,,,67,76,0.882,10,57,14297,246,6.5
O,n/a: evidence sessions only,,,72,76,0.947,11,61,6155,222,6.3
