question_id,kind,rank_of_current_value_default_store,rank_of_current_value_dated_store,note
01493427,answerable,2,2,
031748ae,answerable,2,2,
031748ae_abs,abstention,,,
06db6396,answerable,2,1,
07741c44,answerable,5,5,
07741c45,answerable,3,3,gold value appears only as a stated plan (dataset plan-vs-done issue)
08e075c7,answerable,1,1,
0977f2af,answerable,14,16,
0ddfec37,answerable,2,1,
0ddfec37_abs,abstention,,,
0e4e4c46,answerable,1,1,
0f05491a,answerable,2,2,
10e09553,answerable,1,2,
18bc8abd,answerable,1,1,
1cea1afa,answerable,1,1,
2133c1b5,answerable,2,2,
2133c1b5_abs,abstention,,,
22d2cb42,answerable,3,3,
2698e78f,answerable,1,2,
2698e78f_abs,abstention,,,
26bdc477,answerable,1,1,
3ba21379,answerable,6,5,
41698283,answerable,1,2,
42ec0761,answerable,3,2,
45dc21b6,answerable,2,1,
4b24c848,answerable,1,1,
4d6b87c8,answerable,1,1,
50635ada,answerable,4,3,
5831f84d,answerable,2,2,
59524333,answerable,2,5,
5a4f22c0,answerable,1,1,
5c40ec5b,answerable,1,1,
603deb26,answerable,1,1,
6071bd76,answerable,4,2,
618f13b2,answerable,2,2,
69fee5aa,answerable,3,2,37 coins + one added quarter = 38 (derivable)
6a1eabeb,answerable,2,2,
6a27ffc2,answerable,2,2,
6aeb4375,answerable,1,1,
6aeb4375_abs,abstention,,,
71315a70,answerable,1,2,
72e3ee87,answerable,1,1,
7401057b,answerable,3,3,
7a87bd0c,answerable,2,2,
7e974930,answerable,1,1,
852ce960,gold_issue,,,"gold $400,000 not supported by evidence; memories say $350,000 (known gold issue)"
89941a93,answerable,3,2,
89941a94,answerable,1,1,
8fb83627,answerable,3,2,
945e3d21,answerable,2,2,
9bbe84a2,answerable,5,4,
9ea5eabc,answerable,1,3,
a1eacc2a,answerable,2,2,
a2f3aa27,answerable,2,2,
affe2881,answerable,3,3,
b01defab,answerable,1,1,
b6019101,answerable,2,2,
ba61f0b9,answerable,2,2,
c4ea545c,answerable,3,3,
c6853660,answerable,2,2,
c7dc5443,answerable,2,2,
cc5ded98,answerable,2,2,
ce6d2d27,answerable,1,1,
cf22b7bf,answerable,1,1,
d7c942c3,answerable,2,2,
dad224aa,answerable,1,2,
db467c8c,answerable,1,1,
dfde3500,answerable,3,2,
e493bb7c,answerable,3,1,
e61a7584,answerable,1,1,
e66b632c,answerable,1,1,
eace081b,answerable,1,1,
ed4ddc30,answerable,1,3,
f685340e,answerable,2,4,
f685340e_abs,abstention,,,
f9e8c073,answerable,2,2,
